/valuable-industry-interface-at-krmu/   /blog/valuable-industry-interface-at-krmu/  301
/the-significance-of-the-college-placement-drives/   /blog/the-significance-of-the-college-placement-drives/  301
/significance-of-mentoring-programs-towards-holistic-development-of-students/   /blog/significance-of-mentoring-programs-towards-holistic-development-of-students/  301
/kr-mangalam-educational-excellence-redefined/   /blog/kr-mangalam-educational-excellence-redefined/  301
/learn-from-the-visionaries-and-industry-experts-at-krmu/   /blog/learn-from-the-visionaries-and-industry-experts-at-krmu/  301
/the-importance-of-technology-as-a-teaching-aid-in-higher-education/   /blog/the-importance-of-technology-as-a-teaching-aid-in-higher-education/  301
/krmu-ranked-no-1-in-placements/   /blog/krmu-ranked-no-1-in-placements/  301
/how-to-gear-up-for-the-placement-season/   /blog/how-to-gear-up-for-the-placement-season/  301
/top-business-lessons-to-learn-from-successful-businessmen-from-across-the-world/   /blog/top-business-lessons-to-learn-from-successful-businessmen-from-across-the-world/  301
/grooming-the-students-for-the-current-trends-in-medical-and-allied-sciences/   /blog/grooming-the-students-for-the-current-trends-in-medical-and-allied-sciences/  301
/the-need-for-skills-enhancement-for-the-competitive-corporate-world/   /blog/the-need-for-skills-enhancement-for-the-competitive-corporate-world/  301
/why-k-r-mangalam-students-deserve-the-best-placements/   /blog/why-k-r-mangalam-students-deserve-the-best-placements/  301
/tapping-the-career-growth-and-overseas-opportunities-for-management-graduates/   /blog/tapping-the-career-growth-and-overseas-opportunities-for-management-graduates/  301
/the-connection-between-health-wellness-and-architecture/   /blog/the-connection-between-health-wellness-and-architecture/  301
/top-questions-asked-to-management-graduates-in-placement-interviews/   /blog/top-questions-asked-to-management-graduates-in-placement-interviews/  301
/wish-to-make-a-career-in-ethical-hacking-heres-all-you-need-to-know/   /blog/wish-to-make-a-career-in-ethical-hacking-heres-all-you-need-to-know/  301
/future-career-perspectives-of-technical-education-in-india-and-abroad/   /blog/future-career-perspectives-of-technical-education-in-india-and-abroad/  301
/all-you-need-to-know-about-mba-internships/   /blog/all-you-need-to-know-about-mba-internships/  301
/the-evolving-role-of-the-corporate-governance/   /blog/the-evolving-role-of-the-corporate-governance/  301
/why-is-personality-development-an-utmost-need-for-professional-success/   /blog/why-is-personality-development-an-utmost-need-for-professional-success/  301
/making-a-mark-with-good-ppt-skills/   /blog/making-a-mark-with-good-ppt-skills/  301
/how-to-shine-bright-in-a-job-interview/   /blog/how-to-shine-bright-in-a-job-interview/  301
/krmus-school-of-law-strengthening-the-legal-framework-of-the-nation/   /blog/krmus-school-of-law-strengthening-the-legal-framework-of-the-nation/  301
/employability-skills-needed-for-the-corporate-world/   /blog/employability-skills-needed-for-the-corporate-world/  301
/the-necessity-of-pragmatic-approaches-in-law-studies/   /blog/the-necessity-of-pragmatic-approaches-in-law-studies/  301
/top-10-project-management-trends-for-2018/   /blog/top-10-project-management-trends-for-2018/  301
/ten-behaviors-exhibited-by-strong-leaders/   /blog/ten-behaviors-exhibited-by-strong-leaders/  301
/how-can-virtual-reality-help-pave-way-for-transforming-architecture-education/   /blog/how-can-virtual-reality-help-pave-way-for-transforming-architecture-education/  301
/the-significance-of-international-exposure-for-students/   /blog/the-significance-of-international-exposure-for-students/  301
/new-paradigms-in-management-education/   /blog/new-paradigms-in-management-education/  301
/diversity-and-its-impact-on-the-legal-profession/   /blog/diversity-and-its-impact-on-the-legal-profession/  301
/growth-potential-in-the-profession-of-journalism-in-india/   /blog/growth-potential-in-the-profession-of-journalism-in-india/  301
/the-past-and-present-of-management-education-in-india/   /blog/the-past-and-present-of-management-education-in-india/  301
/the-exquisite-campus-life-at-krmu/   /blog/the-exquisite-campus-life-at-krmu/  301
/the-irrational-fear-of-mathematics/   /blog/the-irrational-fear-of-mathematics/  301
/wake-up-or-perish-world-environment-day-pledge-at-krmu/   /blog/wake-up-or-perish-world-environment-day-pledge-at-krmu/  301
/the-significance-of-soft-skills-in-todays-management-industry/   /blog/the-significance-of-soft-skills-in-todays-management-industry/  301
/what-why-and-how-of-schooling/   /blog/what-why-and-how-of-schooling/  301
/prospective-job-prospects-for-english-language-graduates/   /blog/prospective-job-prospects-for-english-language-graduates/  301
/dynamic-career-opportunities-in-journalism-cultivated-by-modern-india/   /blog/dynamic-career-opportunities-in-journalism-cultivated-by-modern-india/  301
/the-significance-of-psychology-in-business-administration/   /blog/the-significance-of-psychology-in-business-administration/  301
/what-importance-do-mentoring-the-mentors-hold-for-the-quality-of-an-educational-institute/   /blog/what-importance-do-mentoring-the-mentors-hold-for-the-quality-of-an-educational-institute/  301
/top-qualities-to-become-a-good-journalist/   /blog/top-qualities-to-become-a-good-journalist/  301
/literature-for-pleasure/   /blog/literature-for-pleasure/  301
/design-pedagogy/   /blog/design-pedagogy/  301
/how-to-know-if-journalism-is-the-right-career-option-for-you/   /blog/how-to-know-if-journalism-is-the-right-career-option-for-you/  301
/best-ways-for-mba-aspirants-to-upgrade-their-communication-skills/   /blog/best-ways-for-mba-aspirants-to-upgrade-their-communication-skills/  301
/days-of-my-lifekrmu/   /blog/days-of-my-lifekrmu/  301
/science-and-spirituality-relation/   /blog/science-and-spirituality-relation/  301
/legal-profession-one-of-the-most-sought-after-career-choices-for-women-today/   /blog/legal-profession-one-of-the-most-sought-after-career-choices-for-women-today/  301
/industrial-revolutions-referred-as-industry-4-0/   /blog/industrial-revolutions-referred-as-industry-4-0/  301
/sustainable-cities-a-sustainable-future-growth/   /blog/sustainable-cities-a-sustainable-future-growth/  301
/insider-lessons-for-surviving-the-modern-corporate-world/   /blog/insider-lessons-for-surviving-the-modern-corporate-world/  301
/upcoming-trends-in-civil-engineering/   /blog/upcoming-trends-in-civil-engineering/  301
/aesthetic-and-logic-the-conflict-between-religion-and-humanism-in-21st-century/   /blog/aesthetic-and-logic-the-conflict-between-religion-and-humanism-in-21st-century/  301
/tradition-and-modernity-living-historical-quarters-change-and-continuity/   /blog/tradition-and-modernity-living-historical-quarters-change-and-continuity/  301
/holistic-development-of-the-students-of-somc/   /blog/holistic-development-of-the-students-of-somc/  301
/innovative-management-pedagogy-at-k-r-mangalam-university/   /blog/innovative-management-pedagogy-at-k-r-mangalam-university/  301
/career-prospects-in-digital-humanities/   /blog/career-prospects-in-digital-humanities/  301
/sustainable-development-need-of-the-hour/   /blog/sustainable-development-need-of-the-hour/  301
/entrepreneurship-a-sought-after-career-option-today/   /blog/entrepreneurship-a-sought-after-career-option-today/  301
/career-path-upon-pursuing-an-mba-degree-in-finance/   /blog/career-path-upon-pursuing-an-mba-degree-in-finance/  301
/5-invaluable-steps-for-building-an-excellent-professional-network/   /blog/5-invaluable-steps-for-building-an-excellent-professional-network/  301
/essentials-for-starting-a-career-in-data-science/   /blog/essentials-for-starting-a-career-in-data-science/  301
/indias-top-companies-to-work-in-as-fresh-law-graduates/   /blog/indias-top-companies-to-work-in-as-fresh-law-graduates/  301
/career-in-fashion-design-industry/   /blog/career-in-fashion-design-industry/  301
/experimental-innovative-learning/   /blog/experimental-innovative-learning/  301
/career-prospects-with-a-degree-in-mass-comm/   /blog/career-prospects-with-a-degree-in-mass-comm/  301
/offbeat-careers-after-studying-law/   /blog/offbeat-careers-after-studying-law/  301
/priceless-qualities-a-successful-legal-practitioner-needs-to-treasure/   /blog/priceless-qualities-a-successful-legal-practitioner-needs-to-treasure/  301
/effective-marketing-management-can-help-to-raise-the-overall-value-of-a-business/   /blog/effective-marketing-management-can-help-to-raise-the-overall-value-of-a-business/  301
/how-do-the-international-collaborations-boost-the-value-of-a-university/   /blog/how-do-the-international-collaborations-boost-the-value-of-a-university/  301
/top-5-entrepreneurship-lessons-learned-from-the-top-entrepreneurs-from-around-the-world/   /blog/top-5-entrepreneurship-lessons-learned-from-the-top-entrepreneurs-from-around-the-world/  301
/top-5-trends-in-automotive-engineering/   /blog/top-5-trends-in-automotive-engineering/  301
/careers-in-broadcast-journalism/   /blog/careers-in-broadcast-journalism/  301
/the-role-of-architecture-in-todays-society/   /blog/the-role-of-architecture-in-todays-society/  301
/the-significance-of-pharmacists-in-our-lives/   /blog/the-significance-of-pharmacists-in-our-lives/  301
/vital-career-advice-for-fashion-design-graduates/   /blog/vital-career-advice-for-fashion-design-graduates/  301
/10-of-the-worlds-best-architecture-projects/   /blog/10-of-the-worlds-best-architecture-projects/  301
/the-potential-in-the-fashion-design-industry/   /blog/the-potential-in-the-fashion-design-industry/  301
/5-reasons-why-you-should-pursue-a-degree-in-journalism-and-mass-comm/   /blog/5-reasons-why-you-should-pursue-a-degree-in-journalism-and-mass-comm/  301
/five-reasons-that-make-business-management-one-among-the-top-professions-for-future/   /blog/five-reasons-that-make-business-management-one-among-the-top-professions-for-future/  301
/the-impact-of-artificial-intelligence-and-iot-on-the-management-industry/   /blog/the-impact-of-artificial-intelligence-and-iot-on-the-management-industry/  301
/diverse-engineering-branches-that-have-always-maintained-their-worth/   /blog/diverse-engineering-branches-that-have-always-maintained-their-worth/  301
/how-to-become-a-skilled-fashion-designer/   /blog/how-to-become-a-skilled-fashion-designer/  301
/career-options-that-will-be-high-in-demand-in-the-next-decade/   /blog/career-options-that-will-be-high-in-demand-in-the-next-decade/  301
/the-top-advantages-of-studying-in-delhi-ncr/   /blog/the-top-advantages-of-studying-in-delhi-ncr/  301
/the-importance-of-digital-literacy-in-the-current-times/   /blog/the-importance-of-digital-literacy-in-the-current-times/  301
/the-key-things-one-need-to-get-hired-by-the-top-brands/   /blog/the-key-things-one-need-to-get-hired-by-the-top-brands/  301
/krmu-creating-a-culture-of-knowledge-entrepreneurship-and-management-skills/   /blog/krmu-creating-a-culture-of-knowledge-entrepreneurship-and-management-skills/  301
/experiential-projects-an-effective-way-to-deep-rooted-management-education/   /blog/experiential-projects-an-effective-way-to-deep-rooted-management-education/  301
/digital-humanities-a-rapidly-growing-career-domain/   /blog/digital-humanities-a-rapidly-growing-career-domain/  301
/the-magnificent-campus-life-at-krmu/   /blog/the-magnificent-campus-life-at-krmu/  301
/krmus-corporate-connect-aiding-students-to-prove-their-mettle/   /blog/krmus-corporate-connect-aiding-students-to-prove-their-mettle/  301
/learn-the-true-art-of-innovation-entrepreneurship-at-krmus-tiiie/   /blog/learn-the-true-art-of-innovation-entrepreneurship-at-krmus-tiiie/  301
/smart-ashram-an-out-of-the-box-approach-by-krmu/   /blog/smart-ashram-an-out-of-the-box-approach-by-krmu/  301
/untold-story-of-bitcoin-a-fraud-scam-and-banned/   /blog/untold-story-of-bitcoin-a-fraud-scam-and-banned/  301
/krmu-to-establish-afully-functional-robotics-lab-in-collaboration-with-iit-bombay/   /blog/krmu-to-establish-afully-functional-robotics-lab-in-collaboration-with-iit-bombay/  301
/explore-the-engineering-kitchen-an-excellent-initiative-taken-by-krmu/   /blog/explore-the-engineering-kitchen-an-excellent-initiative-taken-by-krmu/  301
/evaluating-robotics-as-a-career-domain/   /blog/evaluating-robotics-as-a-career-domain/  301
/the-role-of-krmu-icc-in-establishing-a-safe-secure-environment-in-the-campus/   /blog/the-role-of-krmu-icc-in-establishing-a-safe-secure-environment-in-the-campus/  301
/international-exposure-is-crucial-for-ensuring-professional-success-in-the-global-market/   /blog/international-exposure-is-crucial-for-ensuring-professional-success-in-the-global-market/  301
/k-r-mangalam-building-a-generation-of-creative-fashion-designers/   /blog/k-r-mangalam-building-a-generation-of-creative-fashion-designers/  301
/the-state-of-the-art-learning-facilities-at-krmu/   /blog/the-state-of-the-art-learning-facilities-at-krmu/  301
/what-makes-project-based-learning-imperative-for-the-youth-of-today/   /blog/what-makes-project-based-learning-imperative-for-the-youth-of-today/  301
/krmus-engineering-kitchen-inspiring-the-youth-to-shape-a-new-world-of-innovation/   /blog/krmus-engineering-kitchen-inspiring-the-youth-to-shape-a-new-world-of-innovation/  301
/the-impact-of-technological-advancements-on-the-efficiency-of-business-professionals/   /blog/the-impact-of-technological-advancements-on-the-efficiency-of-business-professionals/  301
/engineering-kitchen-a-hub-for-innovative-minds-at-krmu/   /blog/engineering-kitchen-a-hub-for-innovative-minds-at-krmu/  301
/student-clubs-and-societies-at-krmu/   /blog/student-clubs-and-societies-at-krmu/  301
/ethical-effective-communication-a-must-for-managers/   /blog/ethical-effective-communication-a-must-for-managers/  301
/krmus-soa-enabling-the-21st-century-youth-to-turn-into-agricultural-entrepreneurs/   /blog/krmus-soa-enabling-the-21st-century-youth-to-turn-into-agricultural-entrepreneurs/  301
/krmu-preparing-future-architects-with-a-global-perspective/   /blog/krmu-preparing-future-architects-with-a-global-perspective/  301
/top-technical-skills-that-are-highly-demandedin-the-modern-job-market/   /blog/top-technical-skills-that-are-highly-demandedin-the-modern-job-market/  301
/soil-science-career-potential-opportunities-in-india-and-abroad/   /blog/soil-science-career-potential-opportunities-in-india-and-abroad/  301
/key-skills-you-need-to-thrive-in-the-domain-of-hotel-management/   /blog/key-skills-you-need-to-thrive-in-the-domain-of-hotel-management/  301
/the-emerging-trends-in-the-fashion-industry-of-india/   /blog/the-emerging-trends-in-the-fashion-industry-of-india/  301
/how-ai-is-helping-to-bolster-the-engineering-industry/   /blog/how-ai-is-helping-to-bolster-the-engineering-industry/  301
/career-potential-in-the-hospitality-industry-of-india/   /blog/career-potential-in-the-hospitality-industry-of-india/  301
/the-significance-of-critical-thinking-in-financial-management/   /blog/the-significance-of-critical-thinking-in-financial-management/  301
/what-it-takes-to-grab-the-best-jobs-in-the-fashion-design-world/   /blog/what-it-takes-to-grab-the-best-jobs-in-the-fashion-design-world/  301
/key-principles-of-sustainable-interior-design/   /blog/key-principles-of-sustainable-interior-design/  301
/what-is-good-journalism-all-about/   /blog/what-is-good-journalism-all-about/  301
/unique-traits-of-the-most-successful-architects/   /blog/unique-traits-of-the-most-successful-architects/  301
/what-all-can-you-do-with-an-english-degree/   /blog/what-all-can-you-do-with-an-english-degree/  301
/fabric-the-most-important-element-in-fashion-design/   /blog/fabric-the-most-important-element-in-fashion-design/  301
/five-skills-you-inevitably-need-to-succeed-as-an-interior-designer/   /blog/five-skills-you-inevitably-need-to-succeed-as-an-interior-designer/  301
/how-is-the-advancing-technology-redesigning-the-fashion-design-industry/   /blog/how-is-the-advancing-technology-redesigning-the-fashion-design-industry/  301
/5-myths-about-human-resource-management-that-need-to-be-busted/   /blog/5-myths-about-human-resource-management-that-need-to-be-busted/  301
/understanding-the-concept-of-sustainable-trash-management/   /blog/understanding-the-concept-of-sustainable-trash-management/  301
/5-misconceptions-about-a-hotel-management-career/   /blog/5-misconceptions-about-a-hotel-management-career/  301
/acquiring-the-right-workforce-is-the-key-requirement-for-meeting-business-goals/   /blog/acquiring-the-right-workforce-is-the-key-requirement-for-meeting-business-goals/  301
/the-vitality-of-industry-training-for-students/   /blog/the-vitality-of-industry-training-for-students/  301
/the-vitality-of-application-research-based-learning-for-the-21st-century-youth/   /blog/the-vitality-of-application-research-based-learning-for-the-21st-century-youth/  301
/the-need-for-legal-administrative-judicial-reforms-in-india/   /blog/the-need-for-legal-administrative-judicial-reforms-in-india/  301
/business-journalism-an-emerging-career-path-for-the-21st-century-youth/   /blog/business-journalism-an-emerging-career-path-for-the-21st-century-youth/  301
/the-growing-use-of-business-analytics-in-financial-services-industry/   /blog/the-growing-use-of-business-analytics-in-financial-services-industry/  301
/key-elements-of-an-effective-talent-acquisition-strategy/   /blog/key-elements-of-an-effective-talent-acquisition-strategy/  301
/5-reasons-why-studying-hotel-management-is-a-great-choice-in-the-modern-world/   /blog/5-reasons-why-studying-hotel-management-is-a-great-choice-in-the-modern-world/  301
/hr-trends-that-will-be-most-sought-after-in-2020/   /blog/hr-trends-that-will-be-most-sought-after-in-2020/  301
/cybersecurity-a-much-sought-after-profession-in-todays-technology-oriented-world/   /blog/cybersecurity-a-much-sought-after-profession-in-todays-technology-oriented-world/  301
/narratives-and-media-on-pandemic/   /blog/narratives-and-media-on-pandemic/  301
/starting-afresh-world-after-covid-19/   /blog/starting-afresh-world-after-covid-19/  301
/the-worth-of-industry-vetted-management-training-in-21st-century-corporate-world/   /blog/the-worth-of-industry-vetted-management-training-in-21st-century-corporate-world/  301
/understanding-the-twenty-first-century-entrepreneurial-challenges/   /blog/understanding-the-twenty-first-century-entrepreneurial-challenges/  301
/why-the-world-of-fashion-needs-trendsetters-rather-than-followers/   /blog/why-the-world-of-fashion-needs-trendsetters-rather-than-followers/  301
/why-learn-chinese/   /blog/why-learn-chinese/  301
/technological-trends-changing-the-face-of-architecture-today/   /blog/technological-trends-changing-the-face-of-architecture-today/  301
/journalism-as-a-profession-in-the-21st-century-world/   /blog/journalism-as-a-profession-in-the-21st-century-world/  301
/5-significant-ways-in-which-the-industry-of-journalism-has-evolved-over-the-years/   /blog/5-significant-ways-in-which-the-industry-of-journalism-has-evolved-over-the-years/  301
/how-will-the-current-pandemic-change-the-fashion-industry-worldwide/   /blog/how-will-the-current-pandemic-change-the-fashion-industry-worldwide/  301
/the-best-career-opportunities-for-humanities-graduates/   /blog/the-best-career-opportunities-for-humanities-graduates/  301
/indian-pharma-growing-as-the-largest-sector-in-terms-of-employment-revenue/   /blog/indian-pharma-growing-as-the-largest-sector-in-terms-of-employment-revenue/  301
/the-importance-of-team-bonding-for-management-professionals/   /blog/the-importance-of-team-bonding-for-management-professionals/  301
/career-diversity-offered-by-an-mba-degree-in-marketing/   /blog/career-diversity-offered-by-an-mba-degree-in-marketing/  301
/covid-19-projects-at-krmu-an-effort-to-raise-awareness-among-the-young-gen/   /blog/covid-19-projects-at-krmu-an-effort-to-raise-awareness-among-the-young-gen/  301
/project-portrayal-of-covid-19-as-an-epidemic-disaster/   /blog/project-portrayal-of-covid-19-as-an-epidemic-disaster/  301
/smart-ashram-at-krmu-a-one-of-its-kind-initiative/   /blog/smart-ashram-at-krmu-a-one-of-its-kind-initiative/  301
/what-modern-farming-is-all-about/   /blog/what-modern-farming-is-all-about/  301
/how-is-digitalization-helping-to-transform-the-pharma-industry-for-the-better/   /blog/how-is-digitalization-helping-to-transform-the-pharma-industry-for-the-better/  301
/the-role-and-contribution-of-chemists-in-improving-the-overall-healthcare-scenario/   /blog/the-role-and-contribution-of-chemists-in-improving-the-overall-healthcare-scenario/  301
/the-importance-of-industry-connect-for-university-students/   /blog/the-importance-of-industry-connect-for-university-students/  301
/5-best-paying-jobs-for-journalism-mass-communicationgraduates/   /blog/5-best-paying-jobs-for-journalism-mass-communicationgraduates/  301
/clinical-psychology-career-scope-earning-potential-in-india/   /blog/clinical-psychology-career-scope-earning-potential-in-india/  301
/new-age-dynamics-taking-over-the-healthcare-sector-to-cope-with-the-post-pandemic-phase/   /blog/new-age-dynamics-taking-over-the-healthcare-sector-to-cope-with-the-post-pandemic-phase/  301
/challenges-opportunities-for-fashion-designers-in-the-post-covid-world/   /blog/challenges-opportunities-for-fashion-designers-in-the-post-covid-world/  301
/the-invincible-role-of-medical-allied-sciences-professionals-amid-the-covid-crisis/   /blog/the-invincible-role-of-medical-allied-sciences-professionals-amid-the-covid-crisis/  301
/the-emerging-role-of-information-technology-in-the-field-of-journalism/   /blog/the-emerging-role-of-information-technology-in-the-field-of-journalism/  301
/get-better-job-opportunities-with-the-help-of-top-colleges-for-mca-in-delhi-and-best-mba-colleges-in-delhi-ncr/   /blog/get-better-job-opportunities-with-the-help-of-top-colleges-for-mca-in-delhi-and-best-mba-colleges-in-delhi-ncr/  301
/k-r-mangalam-university-gears-up-to-sign-mou-with-sputnik-news-agency-moscow/   /blog/k-r-mangalam-university-gears-up-to-sign-mou-with-sputnik-news-agency-moscow/  301
/how-is-artificial-intelligence-shaping-the-pharmacy-industry-of-today/   /blog/how-is-artificial-intelligence-shaping-the-pharmacy-industry-of-today/  301
/how-has-the-domain-of-journalism-evolved-in-the-digital-world/   /blog/how-has-the-domain-of-journalism-evolved-in-the-digital-world/  301
/physiotherapy-as-a-career-domain/   /blog/physiotherapy-as-a-career-domain/  301
/the-emergence-of-e-commerce-and-e-business-in-the-post-pandemic-world/   /blog/the-emergence-of-e-commerce-and-e-business-in-the-post-pandemic-world/  301
/best-career-options-for-mass-communication-graduates-2022/   /blog/best-career-options-for-mass-communication-graduates-2022/  301
/best-career-options-after-llm-in-india/   /blog/best-career-options-after-llm-in-india/  301
/future-scope-of-ai-and-ml-in-india/   /blog/future-scope-of-ai-and-ml-in-india/  301
/career-options-after-engineering-how-to-get-a-job-in-2022/   /blog/career-options-after-engineering-how-to-get-a-job-in-2022/  301
/business-analytics-build-a-strong-career-with-this-course/   /blog/business-analytics-build-a-strong-career-with-this-course/  301
/top-soft-skills-that-you-need-to-develop-for-a-successful-career-in-2022/   /blog/top-soft-skills-that-you-need-to-develop-for-a-successful-career-in-2022/  301
/how-to-build-a-career-in-stock-market-in-2022-with-highest-paying-salary/   /blog/how-to-build-a-career-in-stock-market-in-2022-with-highest-paying-salary/  301
/top-business-trends-to-follow-for-a-successful-career-in-2022/   /blog/top-business-trends-to-follow-for-a-successful-career-in-2022/  301
/how-to-build-an-efficacious-resume-post-covid-crisis/   /blog/how-to-build-an-efficacious-resume-post-covid-crisis/  301
/what-are-the-advantages-of-pursuing-a-b-tech-in-cse-with-specialization-in-ux-ui/   /blog/what-are-the-advantages-of-pursuing-a-b-tech-in-cse-with-specialization-in-ux-ui/  301
/scopes-benefits-of-b-tech-computer-and-electronics-engineering/   /blog/scopes-benefits-of-b-tech-computer-and-electronics-engineering/  301
/top-career-options-after-professional-diploma-in-interior-design/   /blog/top-career-options-after-professional-diploma-in-interior-design/  301
/is-computer-science-engineering-hard/   /blog/is-computer-science-engineering-hard/  301
/what-to-do-after-btech-cse/   /blog/what-to-do-after-btech-cse/  301
/computer-science-engineering-salary-in-india/   /blog/computer-science-engineering-salary-in-india/  301
/why-is-physiotherapy-a-good-career-after-12th/   /blog/why-is-physiotherapy-a-good-career-after-12th/  301
/how-to-fill-cuet-pg-application-form-guide-updates-eligibility-criteria-adn-exam-pattern/   /blog/how-to-fill-cuet-pg-application-form-guide-updates-eligibility-criteria-adn-exam-pattern/  301
/how-to-prepare-for-the-cuet-ug-exam-benefits-syllabus-and-study-material/   /blog/how-to-prepare-for-the-cuet-ug-exam-benefits-syllabus-and-study-material/  301
/why-to-apply-for-cuet-benefits-of-cuet-exam/   /blog/why-to-apply-for-cuet-benefits-of-cuet-exam/  301
/career-scopes-and-salary-after-b-tech-cse-with-specialisation-in-cloud-computing/   /blog/career-scopes-and-salary-after-b-tech-cse-with-specialisation-in-cloud-computing/  301
/what-to-do-after-graduating-in-bsc-courses-and-jobs/   /blog/what-to-do-after-graduating-in-bsc-courses-and-jobs/  301
/list-of-entrance-exams-for-postgraduate-courses/   /blog/list-of-entrance-exams-for-postgraduate-courses/  301
/why-pursue-a-career-in-criminal-law/   /blog/why-pursue-a-career-in-criminal-law/  301
/what-is-the-difference-between-b-ed-and-b-el-ed/   /blog/what-is-the-difference-between-b-ed-and-b-el-ed/  301
/career-and-job-opportunities-after-ba-llb-hons/   /blog/career-and-job-opportunities-after-ba-llb-hons/  301
/best-career-options-after-llb-hons/   /blog/best-career-options-after-llb-hons/  301
/career-and-scopes-after-bca-with-artificial-intelligence-and-data-science/   /blog/career-and-scopes-after-bca-with-artificial-intelligence-and-data-science/  301
/ultimate-guide-to-cat-exam-admit-card-exam-date-syllabus-and-preparations/   /blog/ultimate-guide-to-cat-exam-admit-card-exam-date-syllabus-and-preparations/  301
/campus-to-corporate-life-7-tips-to-keep-you-ahead-in-the-game/   /blog/campus-to-corporate-life-7-tips-to-keep-you-ahead-in-the-game/  301
/top-10-essential-skills-needed-to-become-a-lawyer/   /blog/top-10-essential-skills-needed-to-become-a-lawyer/  301
/5-entrepreneurship-skills-you-should-have/   /blog/5-entrepreneurship-skills-you-should-have/  301
/tips-for-how-to-introduce-yourself-in-interview/   /blog/tips-for-how-to-introduce-yourself-in-interview/  301
/list-of-best-career-options-after-b-arch/   /blog/list-of-best-career-options-after-b-arch/  301
/ba-in-fashion-designing-course-details-and-career/   /blog/ba-in-fashion-designing-course-details-and-career/  301
/why-to-pursue-m-pharm-after-b-pharma/   /blog/why-to-pursue-m-pharm-after-b-pharma/  301
/why-pursue-a-bachelor-of-physiotherapy-bpt/   /blog/why-pursue-a-bachelor-of-physiotherapy-bpt/  301
/scopes-and-career-options-after-bsc-in-physics-honours/   /blog/scopes-and-career-options-after-bsc-in-physics-honours/  301
/courses-after-12th-science-that-pay-the-highest/   /blog/courses-after-12th-science-that-pay-the-highest/  301
/how-to-become-a-game-designer-after-12th/   /blog/how-to-become-a-game-designer-after-12th/  301
/list-of-all-mba-specialization-courses/   /blog/list-of-all-mba-specialization-courses/  301
/ma-economics-career-options-jobs-opportunities-and-salary/   /blog/ma-economics-career-options-jobs-opportunities-and-salary/  301
/how-to-build-a-career-as-an-automotive-designer-car-designer/   /blog/how-to-build-a-career-as-an-automotive-designer-car-designer/  301
/integrated-law-courses-after-12th/   /blog/integrated-law-courses-after-12th/  301
/career-in-fashion-designing/   /blog/career-in-fashion-designing/  301
/why-studying-machine-learning-is-a-good-career-option-after-12th/   /blog/why-studying-machine-learning-is-a-good-career-option-after-12th/  301
/bba-llb-hons-admission-eligibility-subjects-scope-and-jobs/   /blog/bba-llb-hons-admission-eligibility-subjects-scope-and-jobs/  301
/career-and-jobs-after-ba-honours-psychology/   /blog/career-and-jobs-after-ba-honours-psychology/  301
/what-are-bcom-hons-subjects-easy-or-hard/   /blog/what-are-bcom-hons-subjects-easy-or-hard/  301
/top-career-opportunities-after-completing-b-tech-cse/   /blog/top-career-opportunities-after-completing-b-tech-cse/  301
/what-should-you-do-after-completing-ba-in-political-science-honors/   /blog/what-should-you-do-after-completing-ba-in-political-science-honors/  301
/list-of-cse-specialization-courses-2023/   /blog/list-of-cse-specialization-courses-2023/  301
/how-to-become-a-data-scientist-in-2023/   /blog/how-to-become-a-data-scientist-in-2023/  301
/why-pursue-btech-mechanical-engineering-in-2023/   /blog/why-pursue-btech-mechanical-engineering-in-2023/  301
/career-after-bcom-scope-jobs-and-salary-in-2023/   /blog/career-after-bcom-scope-jobs-and-salary-in-2023/  301
/why-choose-a-career-in-bba-in-marketing/   /blog/why-choose-a-career-in-bba-in-marketing/  301
/career-scope-of-bfa-in-india/   /blog/career-scope-of-bfa-in-india/  301
/tips-to-prepare-for-the-cuet-ug-exam-2023/   /blog/tips-to-prepare-for-the-cuet-ug-exam-2023/  301
/list-of-best-bba-specialization-courses/   /blog/list-of-best-bba-specialization-courses/  301
/promising-jobs-after-mba-in-marketing/   /blog/promising-jobs-after-mba-in-marketing/  301
/what-can-i-do-after-bsc-chemistry-hons-scope-jobs/   /blog/what-can-i-do-after-bsc-chemistry-hons-scope-jobs/  301
/career-after-bba-in-traveltourism-management/   /blog/career-after-bba-in-traveltourism-management/  301
/a-career-in-digital-marketing-2023/   /blog/a-career-in-digital-marketing-2023/  301
/bba-in-international-business-2023-eligibility-jobs-and-salary/   /blog/bba-in-international-business-2023-eligibility-jobs-and-salary/  301
/integrated-bba-mba-course-details-eligibility-and-career-options/   /blog/integrated-bba-mba-course-details-eligibility-and-career-options/  301
/why-to-pursue-ma-applied-psychology/   /blog/why-to-pursue-ma-applied-psychology/  301
/a-detailed-overview-of-best-journalism-courses-after-12th-grade/   /blog/a-detailed-overview-of-best-journalism-courses-after-12th-grade/  301
/data-analyst-vs-data-scientist-which-career-to-opt-for/   /blog/data-analyst-vs-data-scientist-which-career-to-opt-for/  301
/why-pursue-bba-logistics-and-supply-chain-management/   /blog/why-pursue-bba-logistics-and-supply-chain-management/  301
/career-in-indian-gaming-industry-rise-to-billion-dollar-market/   /blog/career-in-indian-gaming-industry-rise-to-billion-dollar-market/  301
/is-bba-in-finance-after-12th-is-good-choice-or-not/   /blog/is-bba-in-finance-after-12th-is-good-choice-or-not/  301
/what-is-a-full-stack-developer-and-its-career-options/   /blog/what-is-a-full-stack-developer-and-its-career-options/  301
/semester-wise-detailed-b-tech-cse-syllabus/   /blog/semester-wise-detailed-b-tech-cse-syllabus/  301
/most-promising-career-after-hotel-management-course/   /blog/most-promising-career-after-hotel-management-course/  301
/develop-forensics-expertise-with-best-bsc-forensic-science-course-in-delhi/   /blog/develop-forensics-expertise-with-best-bsc-forensic-science-course-in-delhi/  301
/b-tech-courses-after-12th-a-step-by-step-career-guide/   /blog/b-tech-courses-after-12th-a-step-by-step-career-guide/  301
/how-to-choose-a-college-or-university-key-factors-to-count/   /blog/how-to-choose-a-college-or-university-key-factors-to-count/  301
/top-career-opportunities-after-12th-you-must-know/   /blog/top-career-opportunities-after-12th-you-must-know/  301
/most-demanding-courses-after-12th-class-stream-wise/   /blog/most-demanding-courses-after-12th-class-stream-wise/  301
/best-courses-after-12th-commerce-professional-programs-more/   /blog/best-courses-after-12th-commerce-professional-programs-more/  301
/understand-what-is-business-analyst-skills-required-course-details-career-prospects-more/   /blog/understand-what-is-business-analyst-skills-required-course-details-career-prospects-more/  301
/k-r-mangalam-university-best-law-college-in-gurgaon/   /blog/k-r-mangalam-university-best-law-college-in-gurgaon/  301
/unleashing-creativity-and-empowering-dreams-why-pursue-architecture-program-after-12th/   /blog/unleashing-creativity-and-empowering-dreams-why-pursue-architecture-program-after-12th/  301
/the-future-of-engineering-new-emerging-trends-2023/   /blog/the-future-of-engineering-new-emerging-trends-2023/  301
/k-r-mangalam-university-admission-process-2023-24-through-kree/   /blog/k-r-mangalam-university-admission-process-2023-24-through-kree/  301
/scope-of-bba-international-accounting-and-finance/   /blog/scope-of-bba-international-accounting-and-finance/  301
/huge-career-for-cyber-security-professionals/   /blog/huge-career-for-cyber-security-professionals/  301
/ctet-2023-registration-details-for-central-teacher-eligibility-test/   /blog/ctet-2023-registration-details-for-central-teacher-eligibility-test/  301
/gain-exceptional-business-expertise-with-best-b-school-in-gurgaon/   /blog/gain-exceptional-business-expertise-with-best-b-school-in-gurgaon/  301
/8-key-factors-for-why-pursue-a-bachelor-of-design-degree/   /blog/8-key-factors-for-why-pursue-a-bachelor-of-design-degree/  301
/10-tips-tor-choosing-the-best-university-in-gurugram/   /blog/10-tips-tor-choosing-the-best-university-in-gurugram/  301
/b-el-ed-course-details-career-job-opportunities/   /blog/b-el-ed-course-details-career-job-opportunities/  301
/computer-science-cse-phd-from-top-universities/   /blog/computer-science-cse-phd-from-top-universities/  301
/krmu-delivering-education-that-enables-you-to-lead-the-competition/   /blog/krmu-delivering-education-that-enables-you-to-lead-the-competition/  301
/5-proven-tips-on-how-to-survive-cutthroat-competition-and-make-your-mark-in-the-fashion-industry/   /blog/5-proven-tips-on-how-to-survive-cutthroat-competition-and-make-your-mark-in-the-fashion-industry/  301
/5-reasons-why-agriculture-is-a-great-industry-to-work-in/   /blog/5-reasons-why-agriculture-is-a-great-industry-to-work-in/  301
/5-tips-for-beginners-to-survive-thrive-in-the-fashion-industry/   /blog/5-tips-for-beginners-to-survive-thrive-in-the-fashion-industry/  301
/accelerate-your-career-with-best-university-in-gurgaon-for-mba/   /blog/accelerate-your-career-with-best-university-in-gurgaon-for-mba/  301
/all-about-pursuing-b-a-in-journalism-and-mass-communication-from-pursuing-to-career-growth/   /blog/all-about-pursuing-b-a-in-journalism-and-mass-communication-from-pursuing-to-career-growth/  301
/b-arch-vs-b-des-which-course-to-choose-for-a-better-career/   /blog/b-arch-vs-b-des-which-course-to-choose-for-a-better-career/  301
/ba-honours-in-english-course-details-syllabus-eligibility-and-career-options/   /blog/ba-honours-in-english-course-details-syllabus-eligibility-and-career-options/  301
/bba-in-entrepreneurship-scope-in-india/   /blog/bba-in-entrepreneurship-scope-in-india/  301
/bba-in-human-resources-career-and-jobs/   /blog/bba-in-human-resources-career-and-jobs/  301
/bba-vs-b-com-best-career-option-after-12th/   /blog/bba-vs-b-com-best-career-option-after-12th/  301
/benefits-of-pursuing-an-integrated-llb-course/   /blog/benefits-of-pursuing-an-integrated-llb-course/  301
/best-bsc-hons-mathematics-scope-career-options-and-responsibilities/   /blog/best-bsc-hons-mathematics-scope-career-options-and-responsibilities/  301
/best-career-options-after-12th-arts/   /blog/best-career-options-after-12th-arts/  301
/best-courses-to-pursue-after-ba/   /blog/best-courses-to-pursue-after-ba/  301
/best-cyber-security-courses-after-12th/   /blog/best-cyber-security-courses-after-12th/  301
/best-private-engineering-college-university-in-delhi-ncr-2023/   /blog/best-private-engineering-college-university-in-delhi-ncr-2023/  301
/best-undergraduate-courses-to-study-in-india-for-a-promising-career/   /blog/best-undergraduate-courses-to-study-in-india-for-a-promising-career/  301
/better-grades-less-stress-at-school-of-law-k-r-mangalam-universitygurugram/   /blog/better-grades-less-stress-at-school-of-law-k-r-mangalam-universitygurugram/  301
/can-a-pcb-student-do-b-tech-in-computer-science-engineering-in-2022/   /blog/can-a-pcb-student-do-b-tech-in-computer-science-engineering-in-2022/  301
/career-after-pharmacy-degree-jobs-career-options/   /blog/career-after-pharmacy-degree-jobs-career-options/  301
/are-you-planning-to-pursue-integrated-course-in-b-tech-cse-with-mba/   /blog/are-you-planning-to-pursue-integrated-course-in-b-tech-cse-with-mba/  301
/career-and-opportunities-after-completing-your-b-tech-civil-engineering/   /blog/career-and-opportunities-after-completing-your-b-tech-civil-engineering/  301
/career-in-hotel-management/   /blog/career-in-hotel-management/  301
/data-science-a-course-worth-choosing-for-a-better-future/   /blog/data-science-a-course-worth-choosing-for-a-better-future/  301
/how-to-choose-the-best-career-path-machine-learning-engineer-or-data-scientist/   /blog/how-to-choose-the-best-career-path-machine-learning-engineer-or-data-scientist/  301
/m-tech-vs-mba-which-one-is-the-best-for-your-career/   /blog/m-tech-vs-mba-which-one-is-the-best-for-your-career/  301
/masters-in-journalism-and-mass-communication-majmc-course-details-eligibility-and-scope/   /blog/masters-in-journalism-and-mass-communication-majmc-course-details-eligibility-and-scope/  301
/scope-of-b-sc-hons-agricultural-in-the-upcoming-years/   /blog/scope-of-b-sc-hons-agricultural-in-the-upcoming-years/  301
/top-10-courses-to-choose-from-after-12th-commerce/   /blog/top-10-courses-to-choose-from-after-12th-commerce/  301
/top-20-things-architects-can-do-after-b-arch-in-india-a-must-read/   /blog/top-20-things-architects-can-do-after-b-arch-in-india-a-must-read/  301
/top-career-options-after-b-sc-honors-forensic-science/   /blog/top-career-options-after-b-sc-honors-forensic-science/  301
/which-course-should-i-choose-after-completing-12th-from-arts-stream/   /blog/which-course-should-i-choose-after-completing-12th-from-arts-stream/  301
/why-choose-b-tech-mechanical-engineering-after-class-12/   /blog/why-choose-b-tech-mechanical-engineering-after-class-12/  301
/why-choose-mca-course-details-eligibility-benefits-career-options-and-salary/   /blog/why-choose-mca-course-details-eligibility-benefits-career-options-and-salary/  301
/why-choose-specialization-courses-over-normal-course/   /blog/why-choose-specialization-courses-over-normal-course/  301
/why-pursuing-a-ba-hons-chinese-degree-can-be-a-good-choice-for-you/   /blog/why-pursuing-a-ba-hons-chinese-degree-can-be-a-good-choice-for-you/  301
/why-should-you-opt-for-a-ma-psychology-course-after-graduating-with-a-bachelor-of-arts-in-journalism-and-mass-communication-degree/   /blog/why-should-you-opt-for-a-ma-psychology-course-after-graduating-with-a-bachelor-of-arts-in-journalism-and-mass-communication-degree/  301
/bba-colleges-in-delhi-ncr/   /blog/bba-colleges-in-delhi-ncr/  301
/bachelor-of-arts-in-culinary-arts/   /blog/bachelor-of-arts-in-culinary-arts/  301
/mba-course/   /blog/mba-course/  301
/bba-in-human-resources/   /blog/bba-in-human-resources/  301
/bba-vs-b-com-which-course-to-apply-after-class-12/   /blog/bba-vs-b-com-which-course-to-apply-after-class-12/  301
/krmu-an-ideal-platform-for-your-management-dreams/   /blog/krmu-an-ideal-platform-for-your-management-dreams/  301
/the-rising-scope-of-architecture-in-india/   /blog/the-rising-scope-of-architecture-in-india/  301
/spirituality-and-business-management-krmu/   /blog/spirituality-and-business-management-krmu/  301
/career-scope-opportunities-in-pharmacology-2/   /blog/career-scope-opportunities-in-pharmacology-2/  301
/career-scope-opportunities-in-pharmacology/   /blog/career-scope-opportunities-in-pharmacology/  301
/spiritualityand-business-management-krmu/   /blog/spiritualityand-business-management-krmu/  301
/an-expert-guide-to-choosing-between-b-tech-cse-and-bca/   /blog/an-expert-guide-to-choosing-between-b-tech-cse-and-bca/  301
/ux/ui-race-in-btech-computer-science-engineering/   /blog/ux/ui-race-in-btech-computer-science-engineering/  301
/explore-the-best-data-science-colleges-in-delhi-ncr-2024/   /blog/explore-the-best-data-science-colleges-in-delhi-ncr-2024/  301
/how-to-prepare-for-cuet-exam-2024-cuet-preparation-tips/   /blog/how-to-prepare-for-cuet-exam-2024-cuet-preparation-tips/  301
/10-effective-ways-to-develop-your-entrepreneurship-skills/   /blog/10-effective-ways-to-develop-your-entrepreneurship-skills/  301
/the-wealth-of-management-education-imparted-at-the-krmu/   /blog/the-wealth-of-management-education-imparted-at-the-krmu/  301
/the-rising-demand-for-management-professionals-in-the-country/   /blog/the-rising-demand-for-management-professionals-in-the-country/  301
/b-tech-computer-science-course-eligibility-syllabus-exams-fees-scope/   /blog/b-tech-computer-science-course-eligibility-syllabus-exams-fees-scope/  301
/colleges-without-entrance-exam-for-b-tech-2024-25/   /blog/colleges-without-entrance-exam-for-b-tech-2024-25/  301
/the-significance-of-technology-in-the-management-world/   /blog/the-significance-of-technology-in-the-management-world/  301
/discover-best-engineering-colleges-in-gurgaon-2024-25/   /blog/discover-best-engineering-colleges-in-gurgaon-2024-25/  301
/best-engineering-colleges-in-haryana-2024-25/   /blog/best-engineering-colleges-in-haryana-2024-25/  301
/5-best-engineering-colleges-in-delhi-ncr-2024/   /blog/5-best-engineering-colleges-in-delhi-ncr-2024/  301
/everything-you-need-to-know-about-building-a-b-arch/   /blog/everything-you-need-to-know-about-building-a-b-arch/  301
/why-should-you-choose-pharmacy-b-pharma/   /blog/why-should-you-choose-pharmacy-b-pharma/  301
/mba-in-hr-management/   /blog/mba-in-hr-management/  301
/significance-of-b-tech-artificial-intelligence-machine-learning/   /blog/significance-of-b-tech-artificial-intelligence-machine-learning/  301
/d-pharmacy-course-details-eligibility-admissions-subjects/   /blog/d-pharmacy-course-details-eligibility-admissions-subjects/  301
/what-are-the-benefits-of-bba-travel-and-tourism/   /blog/what-are-the-benefits-of-bba-travel-and-tourism/  301
/everything-you-need-to-know-about-cyber-security/   /blog/everything-you-need-to-know-about-cyber-security/  301
/why-should-you-consider-taking-data-science-classes/   /blog/why-should-you-consider-taking-data-science-classes/  301
/b-tech-computer-science-a-comprehensive-guide/   /blog/b-tech-computer-science-a-comprehensive-guide/  301
/exploring-a-bba-in-finance-your-comprehensive-guide-to-a-promising-career-path/   /blog/exploring-a-bba-in-finance-your-comprehensive-guide-to-a-promising-career-path/  301
/b-tech-direct-admission-in-delhi-ncr-a-complete-guide/   /blog/b-tech-direct-admission-in-delhi-ncr-a-complete-guide/  301
/bba-after-12th-step-to-success-with-best-placement/   /blog/bba-after-12th-step-to-success-with-best-placement/  301
/compelling-reasons-to-choose-a-bba-program-in-travel-and-tourism/   /blog/compelling-reasons-to-choose-a-bba-program-in-travel-and-tourism/  301
/how-to-pursue-a-successful-career-after-ma-in-english/   /blog/how-to-pursue-a-successful-career-after-ma-in-english/  301
/top-5-m-com-courses-for-career-advancement/   /blog/top-5-m-com-courses-for-career-advancement/  301
/the-future-awaits-btech-in-artificial-intelligence/   /blog/the-future-awaits-btech-in-artificial-intelligence/  301
/ba-political-science-honours-your-path-to-political-insight/   /blog/ba-political-science-honours-your-path-to-political-insight/  301
/how-to-choose-the-best-b-tech-in-data-science-college/   /blog/how-to-choose-the-best-b-tech-in-data-science-college/  301
/discovering-your-dream-school-best-colleges-for-bba-llb/   /blog/discovering-your-dream-school-best-colleges-for-bba-llb/  301
/beyond-fashion-designing-exploring-the-creative-world-of-b-a-arts/   /blog/beyond-fashion-designing-exploring-the-creative-world-of-b-a-arts/  301
/how-beneficial-b-arch-from-top-colleges-in-delhi/   /blog/how-beneficial-b-arch-from-top-colleges-in-delhi/  301
/how-to-succeed-in-mass-communication-and-journalism/   /blog/how-to-succeed-in-mass-communication-and-journalism/  301
/is-bsc-agriculture-a-good-career-option/   /blog/is-bsc-agriculture-a-good-career-option/  301
/unlocking-the-path-to-success-your-thriving-career-in-cyber-security/   /blog/unlocking-the-path-to-success-your-thriving-career-in-cyber-security/  301
/best-engineering-university-in-gurgaon-2024-25/   /blog/best-engineering-university-in-gurgaon-2024-25/  301
/forensic-science-courses-after-12th-syllabus-career-scope/   /blog/forensic-science-courses-after-12th-syllabus-career-scope/  301
/difference-between-modern-farming-and-traditional-farming/   /blog/difference-between-modern-farming-and-traditional-farming/  301
/soaring-to-new-heights-apeejay-professor-takes-flight-as-certified-drone-flyer/   /blog/soaring-to-new-heights-apeejay-professor-takes-flight-as-certified-drone-flyer/  301
/best-programming-language-to-learn-in-todays-time/   /blog/best-programming-language-to-learn-in-todays-time/  301
/importance-of-soft-skills-for-career-growth/   /blog/importance-of-soft-skills-for-career-growth/  301
/top-10-in-demand-ug-courses-for-future-job-opportunities/   /blog/top-10-in-demand-ug-courses-for-future-job-opportunities/  301
/the-art-of-public-speaking-tips-for-confident-presentations/   /blog/the-art-of-public-speaking-tips-for-confident-presentations/  301
/tips-to-develop-critical-thinking-skills/   /blog/tips-to-develop-critical-thinking-skills/  301
/exploring-the-choice-b-sc-computer-science-vs-bca/   /blog/exploring-the-choice-b-sc-computer-science-vs-bca/  301
/advancing-your-career-pursuing-diploma-courses-after-10th-grade/   /blog/advancing-your-career-pursuing-diploma-courses-after-10th-grade/  301
/the-best-way-to-learn-data-science/   /blog/the-best-way-to-learn-data-science/  301
/computer-science-engineering-unraveling-the-realm-of-technology-and-innovation/   /blog/computer-science-engineering-unraveling-the-realm-of-technology-and-innovation/  301
/the-ultimate-guide-to-choosing-the-right-data-science-course-for-your-career/   /blog/the-ultimate-guide-to-choosing-the-right-data-science-course-for-your-career/  301
/internship-and-practical-training-opportunities-for-b-com-honours-students/   /blog/internship-and-practical-training-opportunities-for-b-com-honours-students/  301
/the-ultimate-guide-to-microbiology-career-in-india/   /blog/the-ultimate-guide-to-microbiology-career-in-india/  301
/what-full-stack-developers-do/   /blog/what-full-stack-developers-do/  301
/preparing-students-for-the-jobs-of-the-future/   /blog/preparing-students-for-the-jobs-of-the-future/  301
/career-paths-for-bsc-hons-mathematics-graduates/   /blog/career-paths-for-bsc-hons-mathematics-graduates/  301
/skills-every-student-should-develop-for-future-success/   /blog/skills-every-student-should-develop-for-future-success/  301
/the-impact-of-social-media-on-education-and-learning/   /blog/the-impact-of-social-media-on-education-and-learning/  301
/a-career-in-fashion-stylist/   /blog/a-career-in-fashion-stylist/  301
/how-to-become-a-chef/   /blog/how-to-become-a-chef/  301
/skill-needed-to-build-artificial-intelligence/   /blog/skill-needed-to-build-artificial-intelligence/  301
/how-to-develop-leadership-qualities/   /blog/how-to-develop-leadership-qualities/  301
/top-emerging-careers-in-software-development/   /blog/top-emerging-careers-in-software-development/  301
/exploring-career-scope-of-pharmacology-a-promising-pathway/   /blog/exploring-career-scope-of-pharmacology-a-promising-pathway/  301
/the-rise-of-fintech-revolutionizing-indias-financial-landscape/   /blog/the-rise-of-fintech-revolutionizing-indias-financial-landscape/  301
/best-courses-for-commerce-students-after-completing-12th/   /blog/best-courses-for-commerce-students-after-completing-12th/  301
/how-to-upskill-while-studying-in-india/   /blog/how-to-upskill-while-studying-in-india/  301
/the-advancement-postgraduate-courses-in-india-career-development/   /blog/the-advancement-postgraduate-courses-in-india-career-development/  301
/how-to-start-a-career-in-animation/   /blog/how-to-start-a-career-in-animation/  301
/skills-for-a-successful-career-in-law/   /blog/skills-for-a-successful-career-in-law/  301
/explore-bachelor-of-business-administration-and-its-specializations/   /blog/explore-bachelor-of-business-administration-and-its-specializations/  301
/mastering-time-management-a-key-to-success-in-work-and-life/   /blog/mastering-time-management-a-key-to-success-in-work-and-life/  301
/understanding-the-difference-between-psychologist-and-psychiatrist/   /blog/understanding-the-difference-between-psychologist-and-psychiatrist/  301
/a-comprehensive-guide-on-how-to-become-a-teacher/   /blog/a-comprehensive-guide-on-how-to-become-a-teacher/  301
/career-in-fashion-designing-full-guide-from-start-to-destination/   /blog/career-in-fashion-designing-full-guide-from-start-to-destination/  301
/regular-education-vs-distance-education-choosing-the-right-path-for-your-learning-journey/   /blog/regular-education-vs-distance-education-choosing-the-right-path-for-your-learning-journey/  301
/empowering-indias-economic-prosperity-the-rise-of-indian-startups/   /blog/empowering-indias-economic-prosperity-the-rise-of-indian-startups/  301
/diploma-course-vs-degree-course-exploring-the-pros-and-cons/   /blog/diploma-course-vs-degree-course-exploring-the-pros-and-cons/  301
/how-to-get-a-job-in-data-science-2023/   /blog/how-to-get-a-job-in-data-science-2023/  301
/must-watch-movies-and-web-series-for-forensic-science-student/   /blog/must-watch-movies-and-web-series-for-forensic-science-student/  301
/list-of-best-integrated-course-after-12/   /blog/list-of-best-integrated-course-after-12/  301
/the-top-llm-degree-programs-for-international-law/   /blog/the-top-llm-degree-programs-for-international-law/  301
/unveiling-the-boundless-horizons-of-english-honours/   /blog/unveiling-the-boundless-horizons-of-english-honours/  301
/exploring-a-career-in-criminal-law-an-in-depth-guide-to-llb-criminal-law/   /blog/exploring-a-career-in-criminal-law-an-in-depth-guide-to-llb-criminal-law/  301
/unlocking-the-path-to-a-game-designer-degree/   /blog/unlocking-the-path-to-a-game-designer-degree/  301
/unveiling-the-path-to-becoming-a-news-anchor/   /blog/unveiling-the-path-to-becoming-a-news-anchor/  301
/unveiling-the-role-of-a-supply-chain-analyst-a-path-to-success/   /blog/unveiling-the-role-of-a-supply-chain-analyst-a-path-to-success/  301
/striking-benefits-of-machine-learning-using-python/   /blog/striking-benefits-of-machine-learning-using-python/  301
/top-skills-to-learn-in-2023-for-lucrative-opportunities/   /blog/top-skills-to-learn-in-2023-for-lucrative-opportunities/  301
/internship-hunt-how-to-get-an-internship-during-graduation/   /blog/internship-hunt-how-to-get-an-internship-during-graduation/  301
/architecture-and-design/   /blog/architecture-and-design/  301
/ux/ui-race-in-btech-computer-science-engineering-2/   /blog/ux/ui-race-in-btech-computer-science-engineering-2/  301
/comparing-cse-and-it-unveiling-distinctions-and-career-opportunities/   /blog/comparing-cse-and-it-unveiling-distinctions-and-career-opportunities/  301
/understanding-the-difference-between-lawyer-and-advocate/   /blog/understanding-the-difference-between-lawyer-and-advocate/  301
/exploring-the-chores-of-ui-ux-designers/   /blog/exploring-the-chores-of-ui-ux-designers/  301
/a-guide-to-ece-vs-cse-from-start-to-finish/   /blog/a-guide-to-ece-vs-cse-from-start-to-finish/  301
/10-must-read-books-for-communication-skills-enhancement/   /blog/10-must-read-books-for-communication-skills-enhancement/  301
/how-to-become-a-game-developer/   /blog/how-to-become-a-game-developer/  301
/cuet-result-2023-latest-updates/   /blog/cuet-result-2023-latest-updates/  301
/how-to-get-started-with-career-options-after-bba/   /blog/how-to-get-started-with-career-options-after-bba/  301
/career-opportunities-for-freshers-in-banking-sector/   /blog/career-opportunities-for-freshers-in-banking-sector/  301
/exploring-the-educational-landscape-top-universities-in-gurgaon/   /blog/exploring-the-educational-landscape-top-universities-in-gurgaon/  301
/list-of-10-lucrative-government-jobs-after-graduation/   /blog/list-of-10-lucrative-government-jobs-after-graduation/  301
/how-will-i-get-a-job-after-graduation-in-maang-companies/   /blog/how-will-i-get-a-job-after-graduation-in-maang-companies/  301
/deep-diving-into-fundamentals-of-cybersecurity/   /blog/deep-diving-into-fundamentals-of-cybersecurity/  301
/architecture-course-guide-to-becoming-an-architect-in-india/   /blog/architecture-course-guide-to-becoming-an-architect-in-india/  301
/kr-mangalam-university-scholarship/   /blog/kr-mangalam-university-scholarship/  301
/how-to-become-a-pharmacist/   /blog/how-to-become-a-pharmacist/  301
/career-for-pcb-students-after-12th/   /blog/career-for-pcb-students-after-12th/  301
/traditional-marketing-vs-digital-marketing-exploring-their-pros-and-cons/   /blog/traditional-marketing-vs-digital-marketing-exploring-their-pros-and-cons/  301
/is-bca-after-12th-commerce-a-right-career-choice/   /blog/is-bca-after-12th-commerce-a-right-career-choice/  301
/the-basics-of-b-tech-what-you-need-to-know-to-pursue-a-degree-in-technology/   /blog/the-basics-of-b-tech-what-you-need-to-know-to-pursue-a-degree-in-technology/  301
/is-pursuing-mba-after-engineering-an-excellent-career-choice/   /blog/is-pursuing-mba-after-engineering-an-excellent-career-choice/  301
/list-of-non-medical-courses-after-12th/   /blog/list-of-non-medical-courses-after-12th/  301
/how-to-become-an-interior-designer-in-india-qualification-career-scopes/   /blog/how-to-become-an-interior-designer-in-india-qualification-career-scopes/  301
/why-mba-is-a-popular-course-in-india-2023/   /blog/why-mba-is-a-popular-course-in-india-2023/  301
/exploring-the-benefits-of-an-international-accounting-and-finance-course/   /blog/exploring-the-benefits-of-an-international-accounting-and-finance-course/  301
/the-vital-role-of-a-sports-physiotherapist-in-india/   /blog/the-vital-role-of-a-sports-physiotherapist-in-india/  301
/a-roadmap-on-how-to-become-an-economist/   /blog/a-roadmap-on-how-to-become-an-economist/  301
/best-psychology-career-options-in-india/   /blog/best-psychology-career-options-in-india/  301
/ba-llb-hons-a-comprehensive-guide-to-understanding-the-program/   /blog/ba-llb-hons-a-comprehensive-guide-to-understanding-the-program/  301
/career-path-after-hotel-management-course/   /blog/career-path-after-hotel-management-course/  301
/best-bba-in-entrepreneurship-colleges-in-india-2023/   /blog/best-bba-in-entrepreneurship-colleges-in-india-2023/  301
/an-expert-guide-to-ai-and-data-science-course-in-2023/   /blog/an-expert-guide-to-ai-and-data-science-course-in-2023/  301
/why-do-you-need-to-learn-ui-ux-design-course/   /blog/why-do-you-need-to-learn-ui-ux-design-course/  301
/10-tips-for-choosing-the-best-university-in-gurugram/   /blog/10-tips-for-choosing-the-best-university-in-gurugram/  301
/why-ai-ml-courses-is-right-for-you/   /blog/why-ai-ml-courses-is-right-for-you/  301
/5-full-stack-web-development-course-lessons-from-the-professionals/   /blog/5-full-stack-web-development-course-lessons-from-the-professionals/  301
/bsc-maths-hons-syllabus-jobs-and-higher-study-choices/   /blog/bsc-maths-hons-syllabus-jobs-and-higher-study-choices/  301
/why-should-i-pursue-a-bachelor-of-art-course-from-krmu/   /blog/why-should-i-pursue-a-bachelor-of-art-course-from-krmu/  301
/what-is-ba-psychology-hons-and-what-are-its-subjects/   /blog/what-is-ba-psychology-hons-and-what-are-its-subjects/  301
/the-power-of-artificial-intelligence-and-machine-learning/   /blog/the-power-of-artificial-intelligence-and-machine-learning/  301
/prof-varuna-tyagi/   /blog/prof-varuna-tyagi/  301
/postgraduate-programs/   /blog/postgraduate-programs/  301
/why-study-bsc-interior-design-course/   /blog/why-study-bsc-interior-design-course/  301
/k-r-mangalam-university-a-leading-ba-college-in-gurgaon/   /blog/k-r-mangalam-university-a-leading-ba-college-in-gurgaon/  301
/why-you-should-pursue-a-bsc-agriculture-hons-degree/   /blog/why-you-should-pursue-a-bsc-agriculture-hons-degree/  301
/training-the-future-educators-at-the-best-b-ed-college-in-gurgaon/   /blog/training-the-future-educators-at-the-best-b-ed-college-in-gurgaon/  301
/leading-university-for-comprehensive-excellence/   /blog/leading-university-for-comprehensive-excellence/  301
/project-based-learning/   /blog/project-based-learning/  301
/ai-in-hospitality-industry/   /blog/ai-in-hospitality-industry/  301
/marketing-in-metaverse/   /blog/marketing-in-metaverse/  301
/sustainability-trends/   /blog/sustainability-trends/  301
/rise-of-gig-economy-in-india/   /blog/rise-of-gig-economy-in-india/  301
/sustainable-cleaning-practices/   /blog/sustainable-cleaning-practices/  301
/interior-design-in-india/   /blog/interior-design-in-india/  301
/youth-entrepreneurship/   /blog/youth-entrepreneurship/  301
/digitization-of-world-politics/   /blog/digitization-of-world-politics/  301
/social-and-emotional-learning/   /blog/social-and-emotional-learning/  301
/pharmacokinetics/   /blog/pharmacokinetics/  301
/psychology-and-technology/   /blog/psychology-and-technology/  301
/3d-printing-technology/   /blog/3d-printing-technology/  301
/herbal-drugs-vs-modern-medicines/   /blog/herbal-drugs-vs-modern-medicines/  301
/b-a-hons-political-science-student-at-krmu/   /blog/b-a-hons-political-science-student-at-krmu/  301
/b-ed-student-at-k-r-mangalam-university/   /blog/b-ed-student-at-k-r-mangalam-university/  301
/experiential-learning-architecture-and-design/   /blog/experiential-learning-architecture-and-design/  301
/importance-of-travel-in-architecture-education/   /blog/importance-of-travel-in-architecture-education/  301
/digital-media-innovation/   /blog/digital-media-innovation/  301
/blog/core-branches-of-engineering/   /blog/blog/core-branches-of-engineering/  301
/technology-in-education/   /blog/technology-in-education/  301
/mental-health-awareness/   /blog/mental-health-awareness/  301
/b-tech-computer-science-and-engineering/   /blog/b-tech-computer-science-and-engineering/  301
/best-course-after-12-science/   /blog/best-course-after-12-science/  301
/fashion-designing-colleges-in-delhi/   /blog/fashion-designing-colleges-in-delhi/  301
/fine-arts-college-in-delhi/   /blog/fine-arts-college-in-delhi/  301
/career-options-after-b-tech-computer-science/   /blog/career-options-after-b-tech-computer-science/  301
/is-hotel-management-a-good-career-option/   /blog/is-hotel-management-a-good-career-option/  301
/bba-vs-bca/   /blog/bba-vs-bca/  301
/how-to-become-a-fashion-designer-after-12th/   /blog/how-to-become-a-fashion-designer-after-12th/  301
/jobs-after-bsc-agriculture/   /blog/jobs-after-bsc-agriculture/  301
/ui-ux-design-course-with-placement/   /blog/ui-ux-design-course-with-placement/  301
/bsc-msc-integrated-course/   /blog/bsc-msc-integrated-course/  301
/best-colleges-for-llm-in-india/   /blog/best-colleges-for-llm-in-india/  301
/b-pharma-college/   /blog/b-pharma-college/  301
/discover-top-high-paying-jobs-after-ba-2024/   /blog/discover-top-high-paying-jobs-after-ba-2024/  301
/bsc-agriculture-colleges/   /blog/bsc-agriculture-colleges/  301
/best-career-options-after-12th-with-high-salary/   /blog/best-career-options-after-12th-with-high-salary/  301
/ba-llb-colleges-in-delhi-ncr/   /blog/ba-llb-colleges-in-delhi-ncr/  301
/b-sc-agriculture-course-duration/   /blog/b-sc-agriculture-course-duration/  301
/best-college-for-mca/   /blog/best-college-for-mca/  301
/b-pharm-course-duration/   /blog/b-pharm-course-duration/  301
/b-ed-course-details/   /blog/b-ed-course-details/  301
/culinary-arts/   /blog/culinary-arts/  301
/integrated-dual-degree/   /blog/integrated-dual-degree/  301
/fine-arts-courses-after-12th/   /blog/fine-arts-courses-after-12th/  301
/what-to-do-after-b-com/   /blog/what-to-do-after-b-com/  301
/best-diploma-courses/   /blog/best-diploma-courses/  301
/pcm-career-options/   /blog/pcm-career-options/  301
/career-options-after-llb/   /blog/career-options-after-llb/  301
/hotel-management-course-fees-in-private-college/   /blog/hotel-management-course-fees-in-private-college/  301
/b-design-course/   /blog/b-design-course/  301
/chef-courses/   /blog/chef-courses/  301
/professional-courses-after-12th/   /blog/professional-courses-after-12th/  301
/b-tech-computer-science-engineering-salary-in-india/   /blog/b-tech-computer-science-engineering-salary-in-india/  301
/arts-and-culture/importance-of-political-science/   /blog/arts-and-culture/importance-of-political-science/  301
/bsc-admission-last-date/   /blog/bsc-admission-last-date/  301
/chemistry-in-industries/   /blog/chemistry-in-industries/  301
/jobs-after-bsc-chemistry/   /blog/jobs-after-bsc-chemistry/  301
/student-of-b-a-honours-psychology/   /blog/student-of-b-a-honours-psychology/  301
/textile-design-course-eligibility-and-career-opportunities/   /blog/textile-design-course-eligibility-and-career-opportunities/  301
/honours-degree-vs-bachelor-degree      /blog/honours-degree-vs-bachelor-degree     301
/difference-between-bsc-and-bsc-hons   /blog/difference-between-bsc-and-bsc-hons   301
/difference-between-diploma-and-degree   /blog/difference-between-diploma-and-degree   301
/difference-between-b-pharm-and-d-pharm   /blog/difference-between-b-pharm-and-d-pharm   301
/courses-for-arts-students-after-12th   /blog/courses-for-arts-students-after-12th   301
/list-of-b-tech-courses   /blog/list-of-b-tech-courses   301
/fashion-designing-courses-after-12th   /blog/fashion-designing-courses-after-12th   301
/full-form-of-llb-and-llm   /blog/full-form-of-llb-and-llm   301
/eligibility-for-b-tech-after-12th   /blog/eligibility-for-b-tech-after-12th   301
/best-courses-after-12th   /blog/best-courses-after-12th   301
/bca-job-opportunities   /blog/bca-job-opportunities   301
/entrepreneurship-course   /blog/entrepreneurship-course   301
/hotel-management-courses-after-12th   /blog/hotel-management-courses-after-12th   301
/what-can-i-do-after-ba   /blog/what-can-i-do-after-ba   301
/bca-data-science   /blog/bca-data-science   301
/bba-course-details-after-12th   /blog/bba-course-details-after-12th   301
/best-engineering-courses-after-12th   /blog/best-engineering-courses-after-12th   301
/difference-between-be-and-btech   /blog/difference-between-be-and-btech   301
/bjmc-colleges-in-delhi   /blog/bjmc-colleges-in-delhi   301
/why-study-bsc-interior-design-course   /blog/why-study-bsc-interior-design-course   301
/interior-design-courses-after-12th   /blog/interior-design-courses-after-12th   301
/full-stack-development   /blog/full-stack-development   301
/schools/school-of-physiotherapy-and-rehabilitation-sciences /school-of-physiotherapy-and-arehabilitation-sciences 301
/schools/school-of-liberal-arts /school-of-liberal-arts 301
/programmes/doctoral  /programs/doctoral  301
/programme/ba-hons-psychology  /programs/ba-hons-psychology  301
/programmes/mba-digital-marketing  /programs/mba-digital-marketing  301
/programme/bpharma  /programs/bpharma  301
/programme/bachelor-of-physiotherapy-bpt  /programs/bachelor-of-physiotherapy-bpt  301
/programme/bsc-hons-data-science  /programs/bsc-hons-data-science  301
/programme/bba-hr  /programs/bba-hr  301
/programme/btech-cse-ai-ml  /programs/btech-cse-ai-ml  301
/programme/btech-full-stack-development  /programs/btech-full-stack-development  301
/programme/b-tech-cse-robotics-ai  /programs/b-tech-cse-robotics-ai  301
/programme/bca-ai-data-science  /programs/bca-ai-data-science  301
/programme/bcom-international-accounting-finance-acca-2  /programs/bcom-international-accounting-finance-acca-2  301
/programme/mca-ai-ml  /programs/mca-ai-ml  301
/programme/bachelors-robotics-degree  /programs/bachelors-robotics-degree  301
/programme/bba-llb-hons  /programs/bba-llb-hons  301
/programme/b-tech-cse  /programs/b-tech-cse  301
/programme/bcom-hons-2  /programs/bcom-hons-2  301
/programme/bsc-forensic-science  /programs/bsc-forensic-science  301
/programme/bsc-forensic-science  /programs/bsc-forensic-science  301
/programme/btech-cse-cyber-security  /programs/btech-cse-cyber-security  301
/programme/bca-ai-data-science  /programs/bca-ai-data-science  301
/programme/bsc-forensic-science  /programs/bsc-forensic-science  301
/programme/master-computer-application-mca  /programs/master-computer-application-mca  301
/programme/btech-cse-cyber-security  /programs/btech-cse-cyber-security  301
/programmes/ug-programmes  /programss/ug-programmes  301
/programmes/ug-programmes  /programss/ug-programmes  301
/programmes/diploma-programmes  /programss/diploma-programmes  301
/programmes/pg-programmes  /programss/pg-programmes  301
/programme/mca-ai-ml  /programs/mca-ai-ml  301
/programme/b-tech-cse  /programs/b-tech-cse  301
/programme/ba-llb-hons  /programs/ba-llb-hons  301
/programme/bca-ai-research  /programs/bca-ai-research  301
/programme/ba-llb-hons  /programs/ba-llb-hons  301
/programme/mba  /programs/mba  301
/programme/bsc-forensic-science  /programs/bsc-forensic-science  301
/programme/mba  /programs/mba  301
/admission/admission-process /admissions 301


/KRMU_QS/Core-Criteria/Teaching-and-Learning-and-Faculty-Quality/1.1/1.1.%20Faculty%20List.xlsx  /pdfs/KRMU_QS/Core-Criteria/Teaching-and-Learning-and-Faculty-Quality/1.1/1.1.%20Faculty%20List.xlsx  301
/KRMU_QS/Core-Criteria/Teaching-and-Learning-and-Faculty-Quality/1.2.1/1.2.1-%20TL%20Current%20Student.xlsx  /pdfs/KRMU_QS/Core-Criteria/Teaching-and-Learning-and-Faculty-Quality/1.2.1/1.2.1-%20TL%20Current%20Student.xlsx  301
/KRMU_QS/Core-Criteria/Teaching-and-Learning-and-Faculty-Quality/1.2.2/1.2.2%20Student%20Enrolment.xlsx  /pdfs/KRMU_QS/Core-Criteria/Teaching-and-Learning-and-Faculty-Quality/1.2.2/1.2.2%20Student%20Enrolment.xlsx  301
/KRMU_QS/Core-Criteria/Teaching-and-Learning-and-Faculty-Quality/1.3/1.3-TL%20Graduation.xlsx  /pdfs/KRMU_QS/Core-Criteria/Teaching-and-Learning-and-Faculty-Quality/1.3/1.3-TL%20Graduation.xlsx  301
/KRMU_QS/Core-Criteria/Teaching-and-Learning-and-Faculty-Quality/1.4/1.4-TL%20Contact%20Hours.xlsx  /pdfs/KRMU_QS/Core-Criteria/Teaching-and-Learning-and-Faculty-Quality/1.4/1.4-TL%20Contact%20Hours.xlsx  301
/KRMU_QS/Core-Criteria/Teaching-and-Learning-and-Faculty-Quality/1.5/1.5-%20TL%20Best%20Practices.xlsx  /pdfs/KRMU_QS/Core-Criteria/Teaching-and-Learning-and-Faculty-Quality/1.5/1.5-%20TL%20Best%20Practices.xlsx  301
/KRMU_QS/Core-Criteria/Teaching-and-Learning-and-Faculty-Quality/1.1/1.1%20Evidence%20Documents/Faculty%20ERP%20report,%20List%20and%20Bio-metric%20record/Faculty%20ERP%20Report.pdf  /pdfs/KRMU_QS/Core-Criteria/Teaching-and-Learning-and-Faculty-Quality/1.1/1.1%20Evidence%20Documents/Faculty%20ERP%20report,%20List%20and%20Bio-metric%20record/Faculty%20ERP%20Report.pdf  301
/KRMU_QS/Core-Criteria/Teaching-and-Learning-and-Faculty-Quality/1.1/1.1%20Evidence%20Documents/Faculty%20ERP%20report,%20List%20and%20Bio-metric%20record/Biometric%20Attendance%20(May,%20June,%20July).pdf  /pdfs/KRMU_QS/Core-Criteria/Teaching-and-Learning-and-Faculty-Quality/1.1/1.1%20Evidence%20Documents/Faculty%20ERP%20report,%20List%20and%20Bio-metric%20record/Biometric%20Attendance%20(May,%20June,%20July).pdf  301
/KRMU_QS/Core-Criteria/Teaching-and-Learning-and-Faculty-Quality/1.2.1/1.2.1%20Evidence%20Documents/Registered%20Students%20(Academic%20Year%202024-25)%202.pdf  /pdfs/KRMU_QS/Core-Criteria/Teaching-and-Learning-and-Faculty-Quality/1.2.1/1.2.1%20Evidence%20Documents/Registered%20Students%20(Academic%20Year%202024-25)%202.pdf  301
/KRMU_QS/Core-Criteria/Teaching-and-Learning-and-Faculty-Quality/1.2.2/1.2.2%20Evidence%20Documents/HOI%20Declaration%20for%20Students%20Enrollement%202024-25.pdf  /pdfs/KRMU_QS/Core-Criteria/Teaching-and-Learning-and-Faculty-Quality/1.2.2/1.2.2%20Evidence%20Documents/HOI%20Declaration%20for%20Students%20Enrollement%202024-25.pdf  301
/KRMU_QS/Core-Criteria/Teaching-and-Learning-and-Faculty-Quality/1.3/1.3%20Evidence%20Documents/7th%20Convocation%20Report%20with%20Declaration.pdf  /pdfs/KRMU_QS/Core-Criteria/Teaching-and-Learning-and-Faculty-Quality/1.3/1.3%20Evidence%20Documents/7th%20Convocation%20Report%20with%20Declaration.pdf  301
/KRMU_QS/Core-Criteria/Teaching-and-Learning-and-Faculty-Quality/1.3/1.3%20Evidence%20Documents/List%20of%20Student%20Graduated%20(2024-25).pdf  /pdfs/KRMU_QS/Core-Criteria/Teaching-and-Learning-and-Faculty-Quality/1.3/1.3%20Evidence%20Documents/List%20of%20Student%20Graduated%20(2024-25).pdf  301
/KRMU_QS/Core-Criteria/Teaching-and-Learning-and-Faculty-Quality/1.3/1.3%20Evidence%20Documents/List%20of%20Students%20Appeared%20(Even%20Semester%202024-25).pdf  /pdfs/KRMU_QS/Core-Criteria/Teaching-and-Learning-and-Faculty-Quality/1.3/1.3%20Evidence%20Documents/List%20of%20Students%20Appeared%20(Even%20Semester%202024-25).pdf  301
/KRMU_QS/Core-Criteria/Teaching-and-Learning-and-Faculty-Quality/1.5/1.5%20Evidence%20Documents/Mentor%20Mentee%20Programme.pdf  /pdfs/KRMU_QS/Core-Criteria/Teaching-and-Learning-and-Faculty-Quality/1.5/1.5%20Evidence%20Documents/Mentor%20Mentee%20Programme.pdf  301
/KRMU_QS/Core-Criteria/Teaching-and-Learning-and-Faculty-Quality/1.5/1.5%20Evidence%20Documents/Mentor-%20Mentee%20Office%20Order%20AY%202024-25.pdf  /pdfs/KRMU_QS/Core-Criteria/Teaching-and-Learning-and-Faculty-Quality/1.5/1.5%20Evidence%20Documents/Mentor-%20Mentee%20Office%20Order%20AY%202024-25.pdf  301
/KRMU_QS/Core-Criteria/Teaching-and-Learning-and-Faculty-Quality/1.5/1.5%20Evidence%20Documents/Peer%20Group%20Learning%20and%20Remedial%20Teaching.pdf  /pdfs/KRMU_QS/Core-Criteria/Teaching-and-Learning-and-Faculty-Quality/1.5/1.5%20Evidence%20Documents/Peer%20Group%20Learning%20and%20Remedial%20Teaching.pdf  301
/KRMU_QS/Core-Criteria/Teaching-and-Learning-and-Faculty-Quality/1.5/1.5%20Evidence%20Documents/Learning%20Management%20System.pdf  /pdfs/KRMU_QS/Core-Criteria/Teaching-and-Learning-and-Faculty-Quality/1.5/1.5%20Evidence%20Documents/Learning%20Management%20System.pdf  301
/KRMU_QS/Core-Criteria/Teaching-and-Learning-and-Faculty-Quality/1.1/1.1.%20Faculty%20List.xlsx  /pdfs/KRMU_QS/Core-Criteria/Teaching-and-Learning-and-Faculty-Quality/1.1/1.1.%20Faculty%20List.xlsx  301
/KRMU_QS/Core-Criteria/Teaching-and-Learning-and-Faculty-Quality/1.2.1/1.2.1-%20TL%20Current%20Student.xlsx  /pdfs/KRMU_QS/Core-Criteria/Teaching-and-Learning-and-Faculty-Quality/1.2.1/1.2.1-%20TL%20Current%20Student.xlsx  301
/KRMU_QS/Core-Criteria/Teaching-and-Learning-and-Faculty-Quality/1.2.2/1.2.2%20Student%20Enrolment.xlsx  /pdfs/KRMU_QS/Core-Criteria/Teaching-and-Learning-and-Faculty-Quality/1.2.2/1.2.2%20Student%20Enrolment.xlsx  301
/KRMU_QS/Core-Criteria/Teaching-and-Learning-and-Faculty-Quality/1.3/1.3-TL%20Graduation.xlsx  /pdfs/KRMU_QS/Core-Criteria/Teaching-and-Learning-and-Faculty-Quality/1.3/1.3-TL%20Graduation.xlsx  301
/KRMU_QS/Core-Criteria/Teaching-and-Learning-and-Faculty-Quality/1.4/1.4-TL%20Contact%20Hours.xlsx  /pdfs/KRMU_QS/Core-Criteria/Teaching-and-Learning-and-Faculty-Quality/1.4/1.4-TL%20Contact%20Hours.xlsx  301
/KRMU_QS/Core-Criteria/Teaching-and-Learning-and-Faculty-Quality/1.5/1.5-%20TL%20Best%20Practices.xlsx  /pdfs/KRMU_QS/Core-Criteria/Teaching-and-Learning-and-Faculty-Quality/1.5/1.5-%20TL%20Best%20Practices.xlsx  301
/KRMU_QS/Core-Criteria/Teaching-and-Learning-and-Faculty-Quality/1.1/1.1%20Evidence%20Documents/Faculty%20ERP%20report,%20List%20and%20Bio-metric%20record/Faculty%20ERP%20Report.pdf  /pdfs/KRMU_QS/Core-Criteria/Teaching-and-Learning-and-Faculty-Quality/1.1/1.1%20Evidence%20Documents/Faculty%20ERP%20report,%20List%20and%20Bio-metric%20record/Faculty%20ERP%20Report.pdf  301
/KRMU_QS/Core-Criteria/Teaching-and-Learning-and-Faculty-Quality/1.1/1.1%20Evidence%20Documents/Faculty%20ERP%20report,%20List%20and%20Bio-metric%20record/Biometric%20Attendance%20(May,%20June,%20July).pdf  /pdfs/KRMU_QS/Core-Criteria/Teaching-and-Learning-and-Faculty-Quality/1.1/1.1%20Evidence%20Documents/Faculty%20ERP%20report,%20List%20and%20Bio-metric%20record/Biometric%20Attendance%20(May,%20June,%20July).pdf  301
/KRMU_QS/Core-Criteria/Teaching-and-Learning-and-Faculty-Quality/1.2.1/1.2.1%20Evidence%20Documents/Registered%20Students%20(Academic%20Year%202024-25)%202.pdf  /pdfs/KRMU_QS/Core-Criteria/Teaching-and-Learning-and-Faculty-Quality/1.2.1/1.2.1%20Evidence%20Documents/Registered%20Students%20(Academic%20Year%202024-25)%202.pdf  301
/KRMU_QS/Core-Criteria/Teaching-and-Learning-and-Faculty-Quality/1.2.2/1.2.2%20Evidence%20Documents/HOI%20Declaration%20for%20Students%20Enrollement%202024-25.pdf  /pdfs/KRMU_QS/Core-Criteria/Teaching-and-Learning-and-Faculty-Quality/1.2.2/1.2.2%20Evidence%20Documents/HOI%20Declaration%20for%20Students%20Enrollement%202024-25.pdf  301
/KRMU_QS/Core-Criteria/Teaching-and-Learning-and-Faculty-Quality/1.3/1.3%20Evidence%20Documents/7th%20Convocation%20Report%20with%20Declaration.pdf  /pdfs/KRMU_QS/Core-Criteria/Teaching-and-Learning-and-Faculty-Quality/1.3/1.3%20Evidence%20Documents/7th%20Convocation%20Report%20with%20Declaration.pdf  301
/KRMU_QS/Core-Criteria/Teaching-and-Learning-and-Faculty-Quality/1.3/1.3%20Evidence%20Documents/List%20of%20Student%20Graduated%20(2024-25).pdf  /pdfs/KRMU_QS/Core-Criteria/Teaching-and-Learning-and-Faculty-Quality/1.3/1.3%20Evidence%20Documents/List%20of%20Student%20Graduated%20(2024-25).pdf  301
/KRMU_QS/Core-Criteria/Teaching-and-Learning-and-Faculty-Quality/1.3/1.3%20Evidence%20Documents/List%20of%20Students%20Appeared%20(Even%20Semester%202024-25).pdf  /pdfs/KRMU_QS/Core-Criteria/Teaching-and-Learning-and-Faculty-Quality/1.3/1.3%20Evidence%20Documents/List%20of%20Students%20Appeared%20(Even%20Semester%202024-25).pdf  301
/KRMU_QS/Core-Criteria/Teaching-and-Learning-and-Faculty-Quality/1.5/1.5%20Evidence%20Documents/Mentor%20Mentee%20Programme.pdf  /pdfs/KRMU_QS/Core-Criteria/Teaching-and-Learning-and-Faculty-Quality/1.5/1.5%20Evidence%20Documents/Mentor%20Mentee%20Programme.pdf  301
/KRMU_QS/Core-Criteria/Teaching-and-Learning-and-Faculty-Quality/1.5/1.5%20Evidence%20Documents/Mentor-%20Mentee%20Office%20Order%20AY%202024-25.pdf  /pdfs/KRMU_QS/Core-Criteria/Teaching-and-Learning-and-Faculty-Quality/1.5/1.5%20Evidence%20Documents/Mentor-%20Mentee%20Office%20Order%20AY%202024-25.pdf  301
/KRMU_QS/Core-Criteria/Teaching-and-Learning-and-Faculty-Quality/1.5/1.5%20Evidence%20Documents/Peer%20Group%20Learning%20and%20Remedial%20Teaching.pdf  /pdfs/KRMU_QS/Core-Criteria/Teaching-and-Learning-and-Faculty-Quality/1.5/1.5%20Evidence%20Documents/Peer%20Group%20Learning%20and%20Remedial%20Teaching.pdf  301
/KRMU_QS/Core-Criteria/Teaching-and-Learning-and-Faculty-Quality/1.5/1.5%20Evidence%20Documents/Learning%20Management%20System.pdf  /pdfs/KRMU_QS/Core-Criteria/Teaching-and-Learning-and-Faculty-Quality/1.5/1.5%20Evidence%20Documents/Learning%20Management%20System.pdf  301
/KRMU_QS/Core-Criteria/Teaching-and-Learning-and-Faculty-Quality/1.1/1.1.%20Faculty%20List.xlsx  /pdfs/KRMU_QS/Core-Criteria/Teaching-and-Learning-and-Faculty-Quality/1.1/1.1.%20Faculty%20List.xlsx  301
/KRMU_QS/Core-Criteria/Teaching-and-Learning-and-Faculty-Quality/1.2.1/1.2.1-%20TL%20Current%20Student.xlsx  /pdfs/KRMU_QS/Core-Criteria/Teaching-and-Learning-and-Faculty-Quality/1.2.1/1.2.1-%20TL%20Current%20Student.xlsx  301
/KRMU_QS/Core-Criteria/Teaching-and-Learning-and-Faculty-Quality/1.2.2/1.2.2%20Student%20Enrolment.xlsx  /pdfs/KRMU_QS/Core-Criteria/Teaching-and-Learning-and-Faculty-Quality/1.2.2/1.2.2%20Student%20Enrolment.xlsx  301
/KRMU_QS/Core-Criteria/Teaching-and-Learning-and-Faculty-Quality/1.3/1.3-TL%20Graduation.xlsx  /pdfs/KRMU_QS/Core-Criteria/Teaching-and-Learning-and-Faculty-Quality/1.3/1.3-TL%20Graduation.xlsx  301
/KRMU_QS/Core-Criteria/Teaching-and-Learning-and-Faculty-Quality/1.4/1.4-TL%20Contact%20Hours.xlsx  /pdfs/KRMU_QS/Core-Criteria/Teaching-and-Learning-and-Faculty-Quality/1.4/1.4-TL%20Contact%20Hours.xlsx  301
/KRMU_QS/Core-Criteria/Teaching-and-Learning-and-Faculty-Quality/1.5/1.5-%20TL%20Best%20Practices.xlsx  /pdfs/KRMU_QS/Core-Criteria/Teaching-and-Learning-and-Faculty-Quality/1.5/1.5-%20TL%20Best%20Practices.xlsx  301
/KRMU_QS/Core-Criteria/Teaching-and-Learning-and-Faculty-Quality/1.1/1.1%20Evidence%20Documents/Faculty%20ERP%20report,%20List%20and%20Bio-metric%20record/Faculty%20ERP%20Report.pdf  /pdfs/KRMU_QS/Core-Criteria/Teaching-and-Learning-and-Faculty-Quality/1.1/1.1%20Evidence%20Documents/Faculty%20ERP%20report,%20List%20and%20Bio-metric%20record/Faculty%20ERP%20Report.pdf  301
/KRMU_QS/Core-Criteria/Teaching-and-Learning-and-Faculty-Quality/1.1/1.1%20Evidence%20Documents/Faculty%20ERP%20report,%20List%20and%20Bio-metric%20record/Biometric%20Attendance%20(May,%20June,%20July).pdf  /pdfs/KRMU_QS/Core-Criteria/Teaching-and-Learning-and-Faculty-Quality/1.1/1.1%20Evidence%20Documents/Faculty%20ERP%20report,%20List%20and%20Bio-metric%20record/Biometric%20Attendance%20(May,%20June,%20July).pdf  301
/KRMU_QS/Core-Criteria/Teaching-and-Learning-and-Faculty-Quality/1.2.1/1.2.1%20Evidence%20Documents/Registered%20Students%20(Academic%20Year%202024-25)%202.pdf  /pdfs/KRMU_QS/Core-Criteria/Teaching-and-Learning-and-Faculty-Quality/1.2.1/1.2.1%20Evidence%20Documents/Registered%20Students%20(Academic%20Year%202024-25)%202.pdf  301
/KRMU_QS/Core-Criteria/Teaching-and-Learning-and-Faculty-Quality/1.2.2/1.2.2%20Evidence%20Documents/HOI%20Declaration%20for%20Students%20Enrollement%202024-25.pdf  /pdfs/KRMU_QS/Core-Criteria/Teaching-and-Learning-and-Faculty-Quality/1.2.2/1.2.2%20Evidence%20Documents/HOI%20Declaration%20for%20Students%20Enrollement%202024-25.pdf  301
/KRMU_QS/Core-Criteria/Teaching-and-Learning-and-Faculty-Quality/1.3/1.3%20Evidence%20Documents/7th%20Convocation%20Report%20with%20Declaration.pdf  /pdfs/KRMU_QS/Core-Criteria/Teaching-and-Learning-and-Faculty-Quality/1.3/1.3%20Evidence%20Documents/7th%20Convocation%20Report%20with%20Declaration.pdf  301
/KRMU_QS/Core-Criteria/Teaching-and-Learning-and-Faculty-Quality/1.3/1.3%20Evidence%20Documents/List%20of%20Student%20Graduated%20(2024-25).pdf  /pdfs/KRMU_QS/Core-Criteria/Teaching-and-Learning-and-Faculty-Quality/1.3/1.3%20Evidence%20Documents/List%20of%20Student%20Graduated%20(2024-25).pdf  301
/KRMU_QS/Core-Criteria/Teaching-and-Learning-and-Faculty-Quality/1.3/1.3%20Evidence%20Documents/List%20of%20Students%20Appeared%20(Even%20Semester%202024-25).pdf  /pdfs/KRMU_QS/Core-Criteria/Teaching-and-Learning-and-Faculty-Quality/1.3/1.3%20Evidence%20Documents/List%20of%20Students%20Appeared%20(Even%20Semester%202024-25).pdf  301
/KRMU_QS/Core-Criteria/Teaching-and-Learning-and-Faculty-Quality/1.5/1.5%20Evidence%20Documents/Mentor%20Mentee%20Programme.pdf  /pdfs/KRMU_QS/Core-Criteria/Teaching-and-Learning-and-Faculty-Quality/1.5/1.5%20Evidence%20Documents/Mentor%20Mentee%20Programme.pdf  301
/KRMU_QS/Core-Criteria/Teaching-and-Learning-and-Faculty-Quality/1.5/1.5%20Evidence%20Documents/Mentor-%20Mentee%20Office%20Order%20AY%202024-25.pdf  /pdfs/KRMU_QS/Core-Criteria/Teaching-and-Learning-and-Faculty-Quality/1.5/1.5%20Evidence%20Documents/Mentor-%20Mentee%20Office%20Order%20AY%202024-25.pdf  301
/KRMU_QS/Core-Criteria/Teaching-and-Learning-and-Faculty-Quality/1.5/1.5%20Evidence%20Documents/Peer%20Group%20Learning%20and%20Remedial%20Teaching.pdf  /pdfs/KRMU_QS/Core-Criteria/Teaching-and-Learning-and-Faculty-Quality/1.5/1.5%20Evidence%20Documents/Peer%20Group%20Learning%20and%20Remedial%20Teaching.pdf  301
/KRMU_QS/Core-Criteria/Teaching-and-Learning-and-Faculty-Quality/1.5/1.5%20Evidence%20Documents/Learning%20Management%20System.pdf  /pdfs/KRMU_QS/Core-Criteria/Teaching-and-Learning-and-Faculty-Quality/1.5/1.5%20Evidence%20Documents/Learning%20Management%20System.pdf  301
/KRMU_QS/Core-Criteria/Teaching-and-Learning-and-Faculty-Quality/1.1/1.1.%20Faculty%20List.xlsx  /pdfs/KRMU_QS/Core-Criteria/Teaching-and-Learning-and-Faculty-Quality/1.1/1.1.%20Faculty%20List.xlsx  301
/KRMU_QS/Core-Criteria/Teaching-and-Learning-and-Faculty-Quality/1.2.1/1.2.1-%20TL%20Current%20Student.xlsx  /pdfs/KRMU_QS/Core-Criteria/Teaching-and-Learning-and-Faculty-Quality/1.2.1/1.2.1-%20TL%20Current%20Student.xlsx  301
/KRMU_QS/Core-Criteria/Teaching-and-Learning-and-Faculty-Quality/1.2.2/1.2.2%20Student%20Enrolment.xlsx  /pdfs/KRMU_QS/Core-Criteria/Teaching-and-Learning-and-Faculty-Quality/1.2.2/1.2.2%20Student%20Enrolment.xlsx  301
/KRMU_QS/Core-Criteria/Teaching-and-Learning-and-Faculty-Quality/1.3/1.3-TL%20Graduation.xlsx  /pdfs/KRMU_QS/Core-Criteria/Teaching-and-Learning-and-Faculty-Quality/1.3/1.3-TL%20Graduation.xlsx  301
/KRMU_QS/Core-Criteria/Teaching-and-Learning-and-Faculty-Quality/1.4/1.4-TL%20Contact%20Hours.xlsx  /pdfs/KRMU_QS/Core-Criteria/Teaching-and-Learning-and-Faculty-Quality/1.4/1.4-TL%20Contact%20Hours.xlsx  301
/KRMU_QS/Core-Criteria/Teaching-and-Learning-and-Faculty-Quality/1.5/1.5-%20TL%20Best%20Practices.xlsx  /pdfs/KRMU_QS/Core-Criteria/Teaching-and-Learning-and-Faculty-Quality/1.5/1.5-%20TL%20Best%20Practices.xlsx  301
/KRMU_QS/Core-Criteria/Teaching-and-Learning-and-Faculty-Quality/1.1/1.1%20Evidence%20Documents/Faculty%20ERP%20report,%20List%20and%20Bio-metric%20record/Faculty%20ERP%20Report.pdf  /pdfs/KRMU_QS/Core-Criteria/Teaching-and-Learning-and-Faculty-Quality/1.1/1.1%20Evidence%20Documents/Faculty%20ERP%20report,%20List%20and%20Bio-metric%20record/Faculty%20ERP%20Report.pdf  301
/KRMU_QS/Core-Criteria/Teaching-and-Learning-and-Faculty-Quality/1.1/1.1%20Evidence%20Documents/Faculty%20ERP%20report,%20List%20and%20Bio-metric%20record/Biometric%20Attendance%20(May,%20June,%20July).pdf  /pdfs/KRMU_QS/Core-Criteria/Teaching-and-Learning-and-Faculty-Quality/1.1/1.1%20Evidence%20Documents/Faculty%20ERP%20report,%20List%20and%20Bio-metric%20record/Biometric%20Attendance%20(May,%20June,%20July).pdf  301
/KRMU_QS/Core-Criteria/Teaching-and-Learning-and-Faculty-Quality/1.2.1/1.2.1%20Evidence%20Documents/Registered%20Students%20(Academic%20Year%202024-25)%202.pdf  /pdfs/KRMU_QS/Core-Criteria/Teaching-and-Learning-and-Faculty-Quality/1.2.1/1.2.1%20Evidence%20Documents/Registered%20Students%20(Academic%20Year%202024-25)%202.pdf  301
/KRMU_QS/Core-Criteria/Teaching-and-Learning-and-Faculty-Quality/1.2.2/1.2.2%20Evidence%20Documents/HOI%20Declaration%20for%20Students%20Enrollement%202024-25.pdf  /pdfs/KRMU_QS/Core-Criteria/Teaching-and-Learning-and-Faculty-Quality/1.2.2/1.2.2%20Evidence%20Documents/HOI%20Declaration%20for%20Students%20Enrollement%202024-25.pdf  301
/KRMU_QS/Core-Criteria/Teaching-and-Learning-and-Faculty-Quality/1.3/1.3%20Evidence%20Documents/7th%20Convocation%20Report%20with%20Declaration.pdf  /pdfs/KRMU_QS/Core-Criteria/Teaching-and-Learning-and-Faculty-Quality/1.3/1.3%20Evidence%20Documents/7th%20Convocation%20Report%20with%20Declaration.pdf  301
/KRMU_QS/Core-Criteria/Teaching-and-Learning-and-Faculty-Quality/1.3/1.3%20Evidence%20Documents/List%20of%20Student%20Graduated%20(2024-25).pdf  /pdfs/KRMU_QS/Core-Criteria/Teaching-and-Learning-and-Faculty-Quality/1.3/1.3%20Evidence%20Documents/List%20of%20Student%20Graduated%20(2024-25).pdf  301
/KRMU_QS/Core-Criteria/Teaching-and-Learning-and-Faculty-Quality/1.3/1.3%20Evidence%20Documents/List%20of%20Students%20Appeared%20(Even%20Semester%202024-25).pdf  /pdfs/KRMU_QS/Core-Criteria/Teaching-and-Learning-and-Faculty-Quality/1.3/1.3%20Evidence%20Documents/List%20of%20Students%20Appeared%20(Even%20Semester%202024-25).pdf  301
/KRMU_QS/Core-Criteria/Teaching-and-Learning-and-Faculty-Quality/1.5/1.5%20Evidence%20Documents/Mentor%20Mentee%20Programme.pdf  /pdfs/KRMU_QS/Core-Criteria/Teaching-and-Learning-and-Faculty-Quality/1.5/1.5%20Evidence%20Documents/Mentor%20Mentee%20Programme.pdf  301
/KRMU_QS/Core-Criteria/Teaching-and-Learning-and-Faculty-Quality/1.5/1.5%20Evidence%20Documents/Mentor-%20Mentee%20Office%20Order%20AY%202024-25.pdf  /pdfs/KRMU_QS/Core-Criteria/Teaching-and-Learning-and-Faculty-Quality/1.5/1.5%20Evidence%20Documents/Mentor-%20Mentee%20Office%20Order%20AY%202024-25.pdf  301
/KRMU_QS/Core-Criteria/Teaching-and-Learning-and-Faculty-Quality/1.5/1.5%20Evidence%20Documents/Peer%20Group%20Learning%20and%20Remedial%20Teaching.pdf  /pdfs/KRMU_QS/Core-Criteria/Teaching-and-Learning-and-Faculty-Quality/1.5/1.5%20Evidence%20Documents/Peer%20Group%20Learning%20and%20Remedial%20Teaching.pdf  301
/KRMU_QS/Core-Criteria/Teaching-and-Learning-and-Faculty-Quality/1.5/1.5%20Evidence%20Documents/Learning%20Management%20System.pdf  /pdfs/KRMU_QS/Core-Criteria/Teaching-and-Learning-and-Faculty-Quality/1.5/1.5%20Evidence%20Documents/Learning%20Management%20System.pdf  301
/KRMU_QS/Core-Criteria/Teaching-and-Learning-and-Faculty-Quality/1.1/1.1.%20Faculty%20List.xlsx  /pdfs/KRMU_QS/Core-Criteria/Teaching-and-Learning-and-Faculty-Quality/1.1/1.1.%20Faculty%20List.xlsx  301
/KRMU_QS/Core-Criteria/Teaching-and-Learning-and-Faculty-Quality/1.2.1/1.2.1-%20TL%20Current%20Student.xlsx  /pdfs/KRMU_QS/Core-Criteria/Teaching-and-Learning-and-Faculty-Quality/1.2.1/1.2.1-%20TL%20Current%20Student.xlsx  301
/KRMU_QS/Core-Criteria/Teaching-and-Learning-and-Faculty-Quality/1.2.2/1.2.2%20Student%20Enrolment.xlsx  /pdfs/KRMU_QS/Core-Criteria/Teaching-and-Learning-and-Faculty-Quality/1.2.2/1.2.2%20Student%20Enrolment.xlsx  301
/KRMU_QS/Core-Criteria/Teaching-and-Learning-and-Faculty-Quality/1.3/1.3-TL%20Graduation.xlsx  /pdfs/KRMU_QS/Core-Criteria/Teaching-and-Learning-and-Faculty-Quality/1.3/1.3-TL%20Graduation.xlsx  301
/KRMU_QS/Core-Criteria/Teaching-and-Learning-and-Faculty-Quality/1.4/1.4-TL%20Contact%20Hours.xlsx  /pdfs/KRMU_QS/Core-Criteria/Teaching-and-Learning-and-Faculty-Quality/1.4/1.4-TL%20Contact%20Hours.xlsx  301
/KRMU_QS/Core-Criteria/Teaching-and-Learning-and-Faculty-Quality/1.5/1.5-%20TL%20Best%20Practices.xlsx  /pdfs/KRMU_QS/Core-Criteria/Teaching-and-Learning-and-Faculty-Quality/1.5/1.5-%20TL%20Best%20Practices.xlsx  301
/KRMU_QS/Core-Criteria/Teaching-and-Learning-and-Faculty-Quality/1.1/1.1%20Evidence%20Documents/Faculty%20ERP%20report,%20List%20and%20Bio-metric%20record/Faculty%20ERP%20Report.pdf  /pdfs/KRMU_QS/Core-Criteria/Teaching-and-Learning-and-Faculty-Quality/1.1/1.1%20Evidence%20Documents/Faculty%20ERP%20report,%20List%20and%20Bio-metric%20record/Faculty%20ERP%20Report.pdf  301
/KRMU_QS/Core-Criteria/Teaching-and-Learning-and-Faculty-Quality/1.1/1.1%20Evidence%20Documents/Faculty%20ERP%20report,%20List%20and%20Bio-metric%20record/Biometric%20Attendance%20(May,%20June,%20July).pdf  /pdfs/KRMU_QS/Core-Criteria/Teaching-and-Learning-and-Faculty-Quality/1.1/1.1%20Evidence%20Documents/Faculty%20ERP%20report,%20List%20and%20Bio-metric%20record/Biometric%20Attendance%20(May,%20June,%20July).pdf  301
/KRMU_QS/Core-Criteria/Teaching-and-Learning-and-Faculty-Quality/1.2.1/1.2.1%20Evidence%20Documents/Registered%20Students%20(Academic%20Year%202024-25)%202.pdf  /pdfs/KRMU_QS/Core-Criteria/Teaching-and-Learning-and-Faculty-Quality/1.2.1/1.2.1%20Evidence%20Documents/Registered%20Students%20(Academic%20Year%202024-25)%202.pdf  301
/KRMU_QS/Core-Criteria/Teaching-and-Learning-and-Faculty-Quality/1.2.2/1.2.2%20Evidence%20Documents/HOI%20Declaration%20for%20Students%20Enrollement%202024-25.pdf  /pdfs/KRMU_QS/Core-Criteria/Teaching-and-Learning-and-Faculty-Quality/1.2.2/1.2.2%20Evidence%20Documents/HOI%20Declaration%20for%20Students%20Enrollement%202024-25.pdf  301
/KRMU_QS/Core-Criteria/Teaching-and-Learning-and-Faculty-Quality/1.3/1.3%20Evidence%20Documents/7th%20Convocation%20Report%20with%20Declaration.pdf  /pdfs/KRMU_QS/Core-Criteria/Teaching-and-Learning-and-Faculty-Quality/1.3/1.3%20Evidence%20Documents/7th%20Convocation%20Report%20with%20Declaration.pdf  301
/KRMU_QS/Core-Criteria/Teaching-and-Learning-and-Faculty-Quality/1.3/1.3%20Evidence%20Documents/List%20of%20Student%20Graduated%20(2024-25).pdf  /pdfs/KRMU_QS/Core-Criteria/Teaching-and-Learning-and-Faculty-Quality/1.3/1.3%20Evidence%20Documents/List%20of%20Student%20Graduated%20(2024-25).pdf  301
/KRMU_QS/Core-Criteria/Teaching-and-Learning-and-Faculty-Quality/1.3/1.3%20Evidence%20Documents/List%20of%20Students%20Appeared%20(Even%20Semester%202024-25).pdf  /pdfs/KRMU_QS/Core-Criteria/Teaching-and-Learning-and-Faculty-Quality/1.3/1.3%20Evidence%20Documents/List%20of%20Students%20Appeared%20(Even%20Semester%202024-25).pdf  301
/KRMU_QS/Core-Criteria/Teaching-and-Learning-and-Faculty-Quality/1.5/1.5%20Evidence%20Documents/Mentor%20Mentee%20Programme.pdf  /pdfs/KRMU_QS/Core-Criteria/Teaching-and-Learning-and-Faculty-Quality/1.5/1.5%20Evidence%20Documents/Mentor%20Mentee%20Programme.pdf  301
/KRMU_QS/Core-Criteria/Teaching-and-Learning-and-Faculty-Quality/1.5/1.5%20Evidence%20Documents/Mentor-%20Mentee%20Office%20Order%20AY%202024-25.pdf  /pdfs/KRMU_QS/Core-Criteria/Teaching-and-Learning-and-Faculty-Quality/1.5/1.5%20Evidence%20Documents/Mentor-%20Mentee%20Office%20Order%20AY%202024-25.pdf  301
/KRMU_QS/Core-Criteria/Teaching-and-Learning-and-Faculty-Quality/1.5/1.5%20Evidence%20Documents/Peer%20Group%20Learning%20and%20Remedial%20Teaching.pdf  /pdfs/KRMU_QS/Core-Criteria/Teaching-and-Learning-and-Faculty-Quality/1.5/1.5%20Evidence%20Documents/Peer%20Group%20Learning%20and%20Remedial%20Teaching.pdf  301
/KRMU_QS/Core-Criteria/Teaching-and-Learning-and-Faculty-Quality/1.5/1.5%20Evidence%20Documents/Learning%20Management%20System.pdf  /pdfs/KRMU_QS/Core-Criteria/Teaching-and-Learning-and-Faculty-Quality/1.5/1.5%20Evidence%20Documents/Learning%20Management%20System.pdf  301
/KRMU_QS/Core-Criteria/Teaching-and-Learning-and-Faculty-Quality/1.1/1.1.%20Faculty%20List.xlsx  /pdfs/KRMU_QS/Core-Criteria/Teaching-and-Learning-and-Faculty-Quality/1.1/1.1.%20Faculty%20List.xlsx  301
/KRMU_QS/Core-Criteria/Teaching-and-Learning-and-Faculty-Quality/1.2.1/1.2.1-%20TL%20Current%20Student.xlsx  /pdfs/KRMU_QS/Core-Criteria/Teaching-and-Learning-and-Faculty-Quality/1.2.1/1.2.1-%20TL%20Current%20Student.xlsx  301
/KRMU_QS/Core-Criteria/Teaching-and-Learning-and-Faculty-Quality/1.2.2/1.2.2%20Student%20Enrolment.xlsx  /pdfs/KRMU_QS/Core-Criteria/Teaching-and-Learning-and-Faculty-Quality/1.2.2/1.2.2%20Student%20Enrolment.xlsx  301
/KRMU_QS/Core-Criteria/Teaching-and-Learning-and-Faculty-Quality/1.3/1.3-TL%20Graduation.xlsx  /pdfs/KRMU_QS/Core-Criteria/Teaching-and-Learning-and-Faculty-Quality/1.3/1.3-TL%20Graduation.xlsx  301
/KRMU_QS/Core-Criteria/Teaching-and-Learning-and-Faculty-Quality/1.4/1.4-TL%20Contact%20Hours.xlsx  /pdfs/KRMU_QS/Core-Criteria/Teaching-and-Learning-and-Faculty-Quality/1.4/1.4-TL%20Contact%20Hours.xlsx  301
/KRMU_QS/Core-Criteria/Teaching-and-Learning-and-Faculty-Quality/1.5/1.5-%20TL%20Best%20Practices.xlsx  /pdfs/KRMU_QS/Core-Criteria/Teaching-and-Learning-and-Faculty-Quality/1.5/1.5-%20TL%20Best%20Practices.xlsx  301
/KRMU_QS/Core-Criteria/Teaching-and-Learning-and-Faculty-Quality/1.1/1.1%20Evidence%20Documents/Faculty%20ERP%20report,%20List%20and%20Bio-metric%20record/Faculty%20ERP%20Report.pdf  /pdfs/KRMU_QS/Core-Criteria/Teaching-and-Learning-and-Faculty-Quality/1.1/1.1%20Evidence%20Documents/Faculty%20ERP%20report,%20List%20and%20Bio-metric%20record/Faculty%20ERP%20Report.pdf  301
/KRMU_QS/Core-Criteria/Teaching-and-Learning-and-Faculty-Quality/1.1/1.1%20Evidence%20Documents/Faculty%20ERP%20report,%20List%20and%20Bio-metric%20record/Biometric%20Attendance%20(May,%20June,%20July).pdf  /pdfs/KRMU_QS/Core-Criteria/Teaching-and-Learning-and-Faculty-Quality/1.1/1.1%20Evidence%20Documents/Faculty%20ERP%20report,%20List%20and%20Bio-metric%20record/Biometric%20Attendance%20(May,%20June,%20July).pdf  301
/KRMU_QS/Core-Criteria/Teaching-and-Learning-and-Faculty-Quality/1.2.1/1.2.1%20Evidence%20Documents/Registered%20Students%20(Academic%20Year%202024-25)%202.pdf  /pdfs/KRMU_QS/Core-Criteria/Teaching-and-Learning-and-Faculty-Quality/1.2.1/1.2.1%20Evidence%20Documents/Registered%20Students%20(Academic%20Year%202024-25)%202.pdf  301
/KRMU_QS/Core-Criteria/Teaching-and-Learning-and-Faculty-Quality/1.2.2/1.2.2%20Evidence%20Documents/HOI%20Declaration%20for%20Students%20Enrollement%202024-25.pdf  /pdfs/KRMU_QS/Core-Criteria/Teaching-and-Learning-and-Faculty-Quality/1.2.2/1.2.2%20Evidence%20Documents/HOI%20Declaration%20for%20Students%20Enrollement%202024-25.pdf  301
/KRMU_QS/Core-Criteria/Teaching-and-Learning-and-Faculty-Quality/1.3/1.3%20Evidence%20Documents/7th%20Convocation%20Report%20with%20Declaration.pdf  /pdfs/KRMU_QS/Core-Criteria/Teaching-and-Learning-and-Faculty-Quality/1.3/1.3%20Evidence%20Documents/7th%20Convocation%20Report%20with%20Declaration.pdf  301
/KRMU_QS/Core-Criteria/Teaching-and-Learning-and-Faculty-Quality/1.3/1.3%20Evidence%20Documents/List%20of%20Student%20Graduated%20(2024-25).pdf  /pdfs/KRMU_QS/Core-Criteria/Teaching-and-Learning-and-Faculty-Quality/1.3/1.3%20Evidence%20Documents/List%20of%20Student%20Graduated%20(2024-25).pdf  301
/KRMU_QS/Core-Criteria/Teaching-and-Learning-and-Faculty-Quality/1.3/1.3%20Evidence%20Documents/List%20of%20Students%20Appeared%20(Even%20Semester%202024-25).pdf  /pdfs/KRMU_QS/Core-Criteria/Teaching-and-Learning-and-Faculty-Quality/1.3/1.3%20Evidence%20Documents/List%20of%20Students%20Appeared%20(Even%20Semester%202024-25).pdf  301
/KRMU_QS/Core-Criteria/Teaching-and-Learning-and-Faculty-Quality/1.5/1.5%20Evidence%20Documents/Mentor%20Mentee%20Programme.pdf  /pdfs/KRMU_QS/Core-Criteria/Teaching-and-Learning-and-Faculty-Quality/1.5/1.5%20Evidence%20Documents/Mentor%20Mentee%20Programme.pdf  301
/KRMU_QS/Core-Criteria/Teaching-and-Learning-and-Faculty-Quality/1.5/1.5%20Evidence%20Documents/Mentor-%20Mentee%20Office%20Order%20AY%202024-25.pdf  /pdfs/KRMU_QS/Core-Criteria/Teaching-and-Learning-and-Faculty-Quality/1.5/1.5%20Evidence%20Documents/Mentor-%20Mentee%20Office%20Order%20AY%202024-25.pdf  301
/blogs /blog 301